shot_id,phase,t_s,puck_x_m,puck_y_m,cmd_slide_m,cmd_angle_rad,cmd_pull_m,success
0,rest,-0.6,-0.044152363952683724,-0.12104016755000618,-0.00020407205074961476,-0.04123530712240871,0.017241535157625713,1
0,rest,-0.583,-0.04415525944649553,-0.11773434111798067,-0.00020407205074961476,-0.04123530712240871,0.017241535157625713,1
0,rest,-0.566,-0.04394541401861461,-0.11820178864996271,-0.00020407205074961476,-0.04123530712240871,0.017241535157625713,1
0,rest,-0.5499999999999999,-0.043285968375697245,-0.1181453802703713,-0.00020407205074961476,-0.04123530712240871,0.017241535157625713,1
0,rest,-0.5329999999999999,-0.038498985075896025,-0.11018935144618126,-0.00020407205074961476,-0.04123530712240871,0.017241535157625713,1
0,rest,-0.516,-0.04363549629198388,-0.11846355654245444,-0.00020407205074961476,-0.04123530712240871,0.017241535157625713,1
0,rest,-0.5,-0.04163963601887403,-0.11612805819329183,-0.00020407205074961476,-0.04123530712240871,0.017241535157625713,1
0,rest,-0.483,-0.04360201513657266,-0.11675256303954011,-0.00020407205074961476,-0.04123530712240871,0.017241535157625713,1
0,rest,-0.46599999999999997,-0.03524151211970007,-0.11975238464809612,-0.00020407205074961476,-0.04123530712240871,0.017241535157625713,1
0,rest,-0.44999999999999996,-0.040343539267636175,-0.12643427051770514,-0.00020407205074961476,-0.04123530712240871,0.017241535157625713,1
0,rest,-0.43299999999999994,-0.04131971178293372,-0.11902802596261365,-0.00020407205074961476,-0.04123530712240871,0.017241535157625713,1
0,rest,-0.416,-0.04124344019818632,-0.11997982586016703,-0.00020407205074961476,-0.04123530712240871,0.017241535157625713,1
0,rest,-0.39999999999999997,-0.043262211327265654,-0.11849703538928372,-0.00020407205074961476,-0.04123530712240871,0.017241535157625713,1
0,rest,-0.383,-0.0388040726110238,-0.12528771380109824,-0.00020407205074961476,-0.04123530712240871,0.017241535157625713,1
0,rest,-0.366,-0.03822794142717633,-0.11873506471167969,-0.00020407205074961476,-0.04123530712240871,0.017241535157625713,1
0,rest,-0.35,-0.03952699235724549,-0.11663993928126946,-0.00020407205074961476,-0.04123530712240871,0.017241535157625713,1
0,rest,-0.33299999999999996,-0.04398617399687255,-0.11987202543658124,-0.00020407205074961476,-0.04123530712240871,0.017241535157625713,1
0,rest,-0.31599999999999995,-0.04313338544227222,-0.12341053504505883,-0.00020407205074961476,-0.04123530712240871,0.017241535157625713,1
0,pulled,-0.3,0.0009170599982456254,-0.13196444346350367,-0.00020407205074961476,-0.04123530712240871,0.017241535157625713,1
0,pulled,-0.283,0.001353265738549724,-0.12775353676053605,-0.00020407205074961476,-0.04123530712240871,0.017241535157625713,1
0,pulled,-0.266,0.0032976283220401705,-0.13465624890127548,-0.00020407205074961476,-0.04123530712240871,0.017241535157625713,1
0,pulled,-0.25,0.0008189052956530127,-0.1302290979558551,-0.00020407205074961476,-0.04123530712240871,0.017241535157625713,1
0,pulled,-0.23299999999999998,0.001918388213267176,-0.13274408202523538,-0.00020407205074961476,-0.04123530712240871,0.017241535157625713,1
0,pulled,-0.21599999999999997,0.00012573728274546648,-0.12925087548945507,-0.00020407205074961476,-0.04123530712240871,0.017241535157625713,1
0,pulled,-0.19999999999999998,-0.00021310882363694624,-0.13088905128104664,-0.00020407205074961476,-0.04123530712240871,0.017241535157625713,1
0,pulled,-0.183,0.006749306576341145,-0.13206558349791558,-0.00020407205074961476,-0.04123530712240871,0.017241535157625713,1
0,pulled,-0.16599999999999998,-0.0008907344716991812,-0.131133176728072,-0.00020407205074961476,-0.04123530712240871,0.017241535157625713,1
0,pulled,-0.15,0.0020137723367443317,-0.12986710021075942,-0.00020407205074961476,-0.04123530712240871,0.017241535157625713,1
0,pulled,-0.13299999999999998,-0.0029961818270616484,-0.1316119236825434,-0.00020407205074961476,-0.04123530712240871,0.017241535157625713,1
0,pulled,-0.11599999999999999,0.0016945327586038983,-0.1320752576528395,-0.00020407205074961476,-0.04123530712240871,0.017241535157625713,1
0,pulled,-0.09999999999999998,0.0008704141118781259,-0.13055237441634404,-0.00020407205074961476,-0.04123530712240871,0.017241535157625713,1
0,pulled,-0.08299999999999999,-0.0008548425174898424,-0.1336052716482986,-0.00020407205074961476,-0.04123530712240871,0.017241535157625713,1
0,pulled,-0.06599999999999998,0.0043169068235918975,-0.12932077784223445,-0.00020407205074961476,-0.04123530712240871,0.017241535157625713,1
0,pulled,-0.04999999999999999,0.005242195550573996,-0.13398155606114848,-0.00020407205074961476,-0.04123530712240871,0.017241535157625713,1
0,pulled,-0.032999999999999974,-0.0021229305139472835,-0.13144626105822965,-0.00020407205074961476,-0.04123530712240871,0.017241535157625713,1
0,pulled,-0.01599999999999996,0.005945327603070224,-0.13278975808905458,-0.00020407205074961476,-0.04123530712240871,0.017241535157625713,1
0,flight,0.02049999999999994,0.0045508901201673346,-0.12134870491993585,-0.00020407205074961476,-0.04123530712240871,0.017241535157625713,1
0,flight,0.03749999999999995,0.0001218456619256936,-0.1067823568295157,-0.00020407205074961476,-0.04123530712240871,0.017241535157625713,1
0,flight,0.054499999999999965,0.002797853769872703,-0.0948119815146651,-0.00020407205074961476,-0.04123530712240871,0.017241535157625713,1
0,flight,0.07049999999999998,0.0015032906075125238,-0.08507059692175413,-0.00020407205074961476,-0.04123530712240871,0.017241535157625713,1
0,flight,0.0875,0.004222964542329785,-0.07318416083395891,-0.00020407205074961476,-0.04123530712240871,0.017241535157625713,1
0,flight,0.10450000000000001,0.003237568794725291,-0.06203037027830085,-0.00020407205074961476,-0.04123530712240871,0.017241535157625713,1
0,flight,0.12050000000000002,0.0040472264044403945,-0.051670666333460125,-0.00020407205074961476,-0.04123530712240871,0.017241535157625713,1
0,flight,0.13750000000000004,0.0019486328203626422,-0.042384488954033774,-0.00020407205074961476,-0.04123530712240871,0.017241535157625713,1
0,flight,0.15450000000000005,0.00033817646301497915,-0.03775378849595392,-0.00020407205074961476,-0.04123530712240871,0.017241535157625713,1
0,flight,0.17050000000000007,0.004241642703123726,-0.03143020179023341,-0.00020407205074961476,-0.04123530712240871,0.017241535157625713,1
0,flight,0.18750000000000008,0.0021649361622076402,-0.030788565585830097,-0.00020407205074961476,-0.04123530712240871,0.017241535157625713,1
0,flight,0.2045000000000001,0.0031851796538185035,-0.016898856171658743,-0.00020407205074961476,-0.04123530712240871,0.017241535157625713,1
0,flight,0.2205000000000001,0.006561274394407095,-0.01429025474151577,-0.00020407205074961476,-0.04123530712240871,0.017241535157625713,1
0,flight,0.23750000000000013,-0.00034681771633473385,-0.005072136374147721,-0.00020407205074961476,-0.04123530712240871,0.017241535157625713,1
0,flight,0.25450000000000017,0.0005171795746503192,-0.0010924250645530848,-0.00020407205074961476,-0.04123530712240871,0.017241535157625713,1
0,flight,0.2705000000000002,0.0010309908644938806,-0.00520521140187208,-0.00020407205074961476,-0.04123530712240871,0.017241535157625713,1
0,flight,0.2875000000000002,-0.003469822899710424,-0.0018325233917748365,-0.00020407205074961476,-0.04123530712240871,0.017241535157625713,1
0,flight,0.3045000000000002,-0.0031187251251499817,0.007262448980795201,-0.00020407205074961476,-0.04123530712240871,0.017241535157625713,1
0,flight,0.32050000000000023,-0.0013012358836658722,0.00948676774189119,-0.00020407205074961476,-0.04123530712240871,0.017241535157625713,1
0,flight,0.33750000000000024,0.0018501389314092985,0.00991249611192931,-0.00020407205074961476,-0.04123530712240871,0.017241535157625713,1
1,rest,-0.6,0.048214642865635676,-0.11095347212360732,0.00011154017865536092,-0.020563435809167932,0.027359577396037102,1
1,rest,-0.583,0.04243710509229272,-0.11584412230380929,0.00011154017865536092,-0.020563435809167932,0.027359577396037102,1
1,rest,-0.566,0.0401262148778243,-0.11618664466261305,0.00011154017865536092,-0.020563435809167932,0.027359577396037102,1
1,rest,-0.5499999999999999,0.040322587568412754,-0.11663061885632069,0.00011154017865536092,-0.020563435809167932,0.027359577396037102,1
1,rest,-0.5329999999999999,0.04061943871373996,-0.11601493255486074,0.00011154017865536092,-0.020563435809167932,0.027359577396037102,1
1,rest,-0.516,0.04456606523163312,-0.1139688772123988,0.00011154017865536092,-0.020563435809167932,0.027359577396037102,1
1,rest,-0.5,0.04028972434538604,-0.12132081073355423,0.00011154017865536092,-0.020563435809167932,0.027359577396037102,1
1,rest,-0.483,0.03655476870362038,-0.12072211832454727,0.00011154017865536092,-0.020563435809167932,0.027359577396037102,1
1,rest,-0.46599999999999997,0.03936454643273059,-0.11623337151191189,0.00011154017865536092,-0.020563435809167932,0.027359577396037102,1
1,rest,-0.44999999999999996,0.04326989000588634,-0.11721868345983129,0.00011154017865536092,-0.020563435809167932,0.027359577396037102,1
1,rest,-0.43299999999999994,0.041686599454003326,-0.117154252884204,0.00011154017865536092,-0.020563435809167932,0.027359577396037102,1
1,rest,-0.416,0.03976080071640444,-0.11516596854354012,0.00011154017865536092,-0.020563435809167932,0.027359577396037102,1
1,rest,-0.39999999999999997,0.03607952402594662,-0.11457295384176215,0.00011154017865536092,-0.020563435809167932,0.027359577396037102,1
1,rest,-0.366,0.03757381319922617,-0.11573643413703026,0.00011154017865536092,-0.020563435809167932,0.027359577396037102,1
1,rest,-0.35,0.04005434847843556,-0.11854408942015894,0.00011154017865536092,-0.020563435809167932,0.027359577396037102,1
1,rest,-0.33299999999999996,0.03796651625268513,-0.11811073728875152,0.00011154017865536092,-0.020563435809167932,0.027359577396037102,1
1,rest,-0.31599999999999995,0.042296077063662105,-0.11476494023873483,0.00011154017865536092,-0.020563435809167932,0.027359577396037102,1
1,pulled,-0.3,-0.0027379556555693733,-0.14063713199415032,0.00011154017865536092,-0.020563435809167932,0.027359577396037102,1
1,pulled,-0.283,0.003277870542299749,-0.13959806486744583,0.00011154017865536092,-0.020563435809167932,0.027359577396037102,1
1,pulled,-0.266,-0.0017231340468431312,-0.14053491317796246,0.00011154017865536092,-0.020563435809167932,0.027359577396037102,1
1,pulled,-0.25,0.0011135682330410514,-0.1404646812821551,0.00011154017865536092,-0.020563435809167932,0.027359577396037102,1
1,pulled,-0.23299999999999998,0.003414957225990475,-0.13772583874449756,0.00011154017865536092,-0.020563435809167932,0.027359577396037102,1
1,pulled,-0.21599999999999997,0.00320228528048001,-0.13874009546096525,0.00011154017865536092,-0.020563435809167932,0.027359577396037102,1
1,pulled,-0.19999999999999998,0.004236887841882428,-0.14091666459953747,0.00011154017865536092,-0.020563435809167932,0.027359577396037102,1
1,pulled,-0.183,0.003452870678104777,-0.13641245696690896,0.00011154017865536092,-0.020563435809167932,0.027359577396037102,1
1,pulled,-0.16599999999999998,0.0033775127504185173,-0.14038167731570705,0.00011154017865536092,-0.020563435809167932,0.027359577396037102,1
1,pulled,-0.15,-0.0019206294146599163,-0.14008517496776354,0.00011154017865536092,-0.020563435809167932,0.027359577396037102,1
1,pulled,-0.13299999999999998,0.0010930258235288823,-0.13545034633505842,0.00011154017865536092,-0.020563435809167932,0.027359577396037102,1
1,pulled,-0.11599999999999999,0.00038760181160166,-0.13480364631416775,0.00011154017865536092,-0.020563435809167932,0.027359577396037102,1
1,pulled,-0.09999999999999998,-0.0004268649685893154,-0.1403578659791411,0.00011154017865536092,-0.020563435809167932,0.027359577396037102,1
1,pulled,-0.08299999999999999,0.004259830269125494,-0.14141662216152046,0.00011154017865536092,-0.020563435809167932,0.027359577396037102,1
1,pulled,-0.06599999999999998,0.001303526007281661,-0.1381808509673337,0.00011154017865536092,-0.020563435809167932,0.027359577396037102,1
1,pulled,-0.04999999999999999,-2.469382001754226e-05,-0.13371181839624732,0.00011154017865536092,-0.020563435809167932,0.027359577396037102,1
1,pulled,-0.032999999999999974,-0.0010729828596550816,-0.14343217839399441,0.00011154017865536092,-0.020563435809167932,0.027359577396037102,1
1,pulled,-0.01599999999999996,0.0031499545137895976,-0.1364838169897986,0.00011154017865536092,-0.020563435809167932,0.027359577396037102,1
1,flight,0.019699999999999943,0.0021321491038842604,-0.11985591239148731,0.00011154017865536092,-0.020563435809167932,0.027359577396037102,1
1,flight,0.036699999999999955,0.002073146585862678,-0.09031355787427041,0.00011154017865536092,-0.020563435809167932,0.027359577396037102,1
1,flight,0.05369999999999997,-0.0028083549376489983,-0.07765826897621059,0.00011154017865536092,-0.020563435809167932,0.027359577396037102,1
1,flight,0.06969999999999998,0.005586249136284868,-0.054257493989041984,0.00011154017865536092,-0.020563435809167932,0.027359577396037102,1
1,flight,0.0867,-0.0011347679764174847,-0.03510713819973428,0.00011154017865536092,-0.020563435809167932,0.027359577396037102,1
1,flight,0.10370000000000001,-0.0014351339141458344,-0.017028951311167554,0.00011154017865536092,-0.020563435809167932,0.027359577396037102,1
1,flight,0.11970000000000003,0.001815736452645996,0.005332686822389805,0.00011154017865536092,-0.020563435809167932,0.027359577396037102,1
1,flight,0.13670000000000004,-0.0011013148820717502,0.016072915990586335,0.00011154017865536092,-0.020563435809167932,0.027359577396037102,1
1,flight,0.15370000000000006,0.0009901145190579132,0.034453431322251274,0.00011154017865536092,-0.020563435809167932,0.027359577396037102,1
1,flight,0.16970000000000007,-0.001752731201404809,0.05236506936327004,0.00011154017865536092,-0.020563435809167932,0.027359577396037102,1
1,flight,0.1867000000000001,0.0005502685056304453,0.07419774070376568,0.00011154017865536092,-0.020563435809167932,0.027359577396037102,1
1,flight,0.2037000000000001,0.0031684121664615405,0.0881092229855703,0.00011154017865536092,-0.020563435809167932,0.027359577396037102,1
1,flight,0.21970000000000012,-0.0005947809637212991,0.10378241496585387,0.00011154017865536092,-0.020563435809167932,0.027359577396037102,1
1,flight,0.23670000000000013,-0.0017616347864643556,0.11243160096401808,0.00011154017865536092,-0.020563435809167932,0.027359577396037102,1
1,flight,0.25370000000000015,7.874766927915152e-05,0.12104428489735844,0.00011154017865536092,-0.020563435809167932,0.027359577396037102,1
1,flight,0.26970000000000016,0.0027257221366341175,0.13825240193288899,0.00011154017865536092,-0.020563435809167932,0.027359577396037102,1
1,flight,0.2867000000000002,-0.0010417832604798132,0.15851282893437052,0.00011154017865536092,-0.020563435809167932,0.027359577396037102,1
1,flight,0.3037000000000002,-0.003137543267457527,0.15090939200018819,0.00011154017865536092,-0.020563435809167932,0.027359577396037102,1
1,flight,0.3197000000000002,0.0013331671977639967,0.13652208275636846,0.00011154017865536092,-0.020563435809167932,0.027359577396037102,1
1,flight,0.3367000000000002,0.0014462048640020157,0.12853182415565692,0.00011154017865536092,-0.020563435809167932,0.027359577396037102,1
1,flight,0.35370000000000024,0.001667143214068666,0.12058917598963922,0.00011154017865536092,-0.020563435809167932,0.027359577396037102,1
1,flight,0.36970000000000025,0.0005520492997339163,0.1124519976283918,0.00011154017865536092,-0.020563435809167932,0.027359577396037102,1
1,flight,0.38670000000000027,-0.002233828349226624,0.10885337413315517,0.00011154017865536092,-0.020563435809167932,0.027359577396037102,1
1,flight,0.4037000000000003,0.0008136756019735719,0.10900469528770734,0.00011154017865536092,-0.020563435809167932,0.027359577396037102,1
1,flight,0.4197000000000003,0.00036636956160797786,0.10882485889391628,0.00011154017865536092,-0.020563435809167932,0.027359577396037102,1
1,flight,0.4367000000000003,-0.0010723224823426356,0.10675577252538672,0.00011154017865536092,-0.020563435809167932,0.027359577396037102,1
1,flight,0.4537000000000003,0.001156785728864409,0.0974645437690711,0.00011154017865536092,-0.020563435809167932,0.027359577396037102,1
1,flight,0.46970000000000034,0.002127211740769512,0.0980492921523967,0.00011154017865536092,-0.020563435809167932,0.027359577396037102,1
1,flight,0.5037000000000004,-0.006567814748985432,0.09435609883977125,0.00011154017865536092,-0.020563435809167932,0.027359577396037102,1
2,rest,-0.6,-0.022137111443449452,-0.12010490577064212,-0.0012821778911181708,0.032534212716291845,0.020554043237256424,0
2,rest,-0.583,-0.021888855391010095,-0.11778240602759948,-0.0012821778911181708,0.032534212716291845,0.020554043237256424,0
2,rest,-0.566,-0.014752929292644563,-0.11781389608748802,-0.0012821778911181708,0.032534212716291845,0.020554043237256424,0
2,rest,-0.5499999999999999,-0.024804204822373346,-0.12037504610156625,-0.0012821778911181708,0.032534212716291845,0.020554043237256424,0
2,rest,-0.5329999999999999,-0.01991585742459735,-0.11861996142817123,-0.0012821778911181708,0.032534212716291845,0.020554043237256424,0
2,rest,-0.516,-0.013320772374445098,-0.1162569774173029,-0.0012821778911181708,0.032534212716291845,0.020554043237256424,0
2,rest,-0.5,-0.019893397848457093,-0.1181657228149993,-0.0012821778911181708,0.032534212716291845,0.020554043237256424,0
2,rest,-0.483,-0.022872661208277828,-0.11802673857519816,-0.0012821778911181708,0.032534212716291845,0.020554043237256424,0
2,rest,-0.46599999999999997,-0.019637487810361162,-0.1172928490332991,-0.0012821778911181708,0.032534212716291845,0.020554043237256424,0
2,rest,-0.44999999999999996,-0.016305892053681884,-0.11566080700009951,-0.0012821778911181708,0.032534212716291845,0.020554043237256424,0
2,rest,-0.43299999999999994,-0.015133367112212916,-0.11670392393583459,-0.0012821778911181708,0.032534212716291845,0.020554043237256424,0
2,rest,-0.416,-0.025707721991236745,-0.11668927038581732,-0.0012821778911181708,0.032534212716291845,0.020554043237256424,0
2,rest,-0.39999999999999997,-0.02496436255178182,-0.11894415809552539,-0.0012821778911181708,0.032534212716291845,0.020554043237256424,0
2,rest,-0.383,-0.023615199895081852,-0.11377114650594586,-0.0012821778911181708,0.032534212716291845,0.020554043237256424,0
2,rest,-0.366,-0.020584041186861975,-0.11807698186153615,-0.0012821778911181708,0.032534212716291845,0.020554043237256424,0
2,rest,-0.35,-0.02419305975466325,-0.11152771418030917,-0.0012821778911181708,0.032534212716291845,0.020554043237256424,0
2,rest,-0.33299999999999996,-0.022194726641972612,-0.11398769540843214,-0.0012821778911181708,0.032534212716291845,0.020554043237256424,0
2,rest,-0.31599999999999995,-0.01592270182918191,-0.11451205677840655,-0.0012821778911181708,0.032534212716291845,0.020554043237256424,0
2,pulled,-0.3,-0.005024108962996871,-0.13491228670264785,-0.0012821778911181708,0.032534212716291845,0.020554043237256424,0
2,pulled,-0.283,-0.0012465042345086274,-0.13965211543457973,-0.0012821778911181708,0.032534212716291845,0.020554043237256424,0
2,pulled,-0.266,0.003998470862786777,-0.12910148137645597,-0.0012821778911181708,0.032534212716291845,0.020554043237256424,0
2,pulled,-0.25,0.00011294381608802691,-0.1398732612262866,-0.0012821778911181708,0.032534212716291845,0.020554043237256424,0
2,pulled,-0.23299999999999998,-0.0070145872524640385,-0.13226224068279024,-0.0012821778911181708,0.032534212716291845,0.020554043237256424,0
2,pulled,-0.21599999999999997,0.0026790086696646034,-0.13246185542839312,-0.0012821778911181708,0.032534212716291845,0.020554043237256424,0
2,pulled,-0.19999999999999998,-0.001498483902260461,-0.1342987223950867,-0.0012821778911181708,0.032534212716291845,0.020554043237256424,0
2,pulled,-0.183,0.0017682814289196444,-0.13150764432560696,-0.0012821778911181708,0.032534212716291845,0.020554043237256424,0
2,pulled,-0.16599999999999998,0.0007881960422390472,-0.1346602194974495,-0.0012821778911181708,0.032534212716291845,0.020554043237256424,0
2,pulled,-0.15,-0.002138540717961591,-0.1326481764396687,-0.0012821778911181708,0.032534212716291845,0.020554043237256424,0
2,pulled,-0.13299999999999998,-0.008074650598058319,-0.132663307112259,-0.0012821778911181708,0.032534212716291845,0.020554043237256424,0
2,pulled,-0.11599999999999999,-0.001824071688044749,-0.13391762789830944,-0.0012821778911181708,0.032534212716291845,0.020554043237256424,0
2,pulled,-0.09999999999999998,-0.0009475665966135931,-0.12898499051332626,-0.0012821778911181708,0.032534212716291845,0.020554043237256424,0
2,pulled,-0.08299999999999999,-0.0027613337775843146,-0.13531695365696214,-0.0012821778911181708,0.032534212716291845,0.020554043237256424,0
2,pulled,-0.06599999999999998,-0.005260686989758794,-0.13095891767052129,-0.0012821778911181708,0.032534212716291845,0.020554043237256424,0
2,pulled,-0.04999999999999999,0.004567732747243351,-0.12955997070987973,-0.0012821778911181708,0.032534212716291845,0.020554043237256424,0
2,pulled,-0.032999999999999974,-0.0058193624358561374,-0.12920484744271613,-0.0012821778911181708,0.032534212716291845,0.020554043237256424,0
2,pulled,-0.01599999999999996,-0.004509662506682983,-0.13125806648091645,-0.0012821778911181708,0.032534212716291845,0.020554043237256424,0
2,flight,0.02019999999999994,-0.003511292902471182,-0.12151026384280401,-0.0012821778911181708,0.032534212716291845,0.020554043237256424,0
2,flight,0.037199999999999955,-0.000658880373170649,-0.09910849021998244,-0.0012821778911181708,0.032534212716291845,0.020554043237256424,0
2,flight,0.05419999999999997,0.0002563067148270723,-0.08342827843033086,-0.0012821778911181708,0.032534212716291845,0.020554043237256424,0
2,flight,0.07019999999999998,-0.005193089298267682,-0.0714032723063155,-0.0012821778911181708,0.032534212716291845,0.020554043237256424,0
2,flight,0.0872,-0.004952650516724855,-0.05748590829668061,-0.0012821778911181708,0.032534212716291845,0.020554043237256424,0
2,flight,0.10420000000000001,0.0036804355621541033,-0.04705693163172664,-0.0012821778911181708,0.032534212716291845,0.020554043237256424,0
2,flight,0.12020000000000003,-0.002922856124654747,-0.03022077059469766,-0.0012821778911181708,0.032534212716291845,0.020554043237256424,0
2,flight,0.13720000000000004,-0.0018403924935549544,-0.022615505041157523,-0.0012821778911181708,0.032534212716291845,0.020554043237256424,0
2,flight,0.15420000000000006,0.0033425773727547405,-0.012196052191455356,-0.0012821778911181708,0.032534212716291845,0.020554043237256424,0
2,flight,0.17020000000000007,-0.001114391847608165,-0.014093702553116068,-0.0012821778911181708,0.032534212716291845,0.020554043237256424,0
2,flight,0.1872000000000001,0.0024305870311631538,-0.02092606106736197,-0.0012821778911181708,0.032534212716291845,0.020554043237256424,0
2,flight,0.22020000000000012,0.013809380669548859,-0.01827767561327147,-0.0012821778911181708,0.032534212716291845,0.020554043237256424,0
2,flight,0.23720000000000013,0.014120338080042953,-0.02694207620173504,-0.0012821778911181708,0.032534212716291845,0.020554043237256424,0
2,flight,0.25420000000000015,0.017170408097573503,-0.027301312236163083,-0.0012821778911181708,0.032534212716291845,0.020554043237256424,0
2,flight,0.27020000000000016,0.012048063599931167,-0.03510910491788273,-0.0012821778911181708,0.032534212716291845,0.020554043237256424,0
2,flight,0.2872000000000002,0.016956610498566838,-0.03170401005250132,-0.0012821778911181708,0.032534212716291845,0.020554043237256424,0
2,flight,0.3042000000000002,0.019657539228289708,-0.04136258940966826,-0.0012821778911181708,0.032534212716291845,0.020554043237256424,0
2,flight,0.3202000000000002,0.01388407369889363,-0.031205585718243955,-0.0012821778911181708,0.032534212716291845,0.020554043237256424,0
3,rest,-0.6,-0.014581652364969914,-0.11446554933902231,0.0003300090069407644,-0.08890753433685561,0.025856765607014744,1
3,rest,-0.583,-0.009442800029691077,-0.11401187034262174,0.0003300090069407644,-0.08890753433685561,0.025856765607014744,1
3,rest,-0.566,-0.013613973370277175,-0.11872367742283797,0.0003300090069407644,-0.08890753433685561,0.025856765607014744,1
3,rest,-0.5499999999999999,-0.00641375809234564,-0.11733920615151607,0.0003300090069407644,-0.08890753433685561,0.025856765607014744,1
3,rest,-0.5329999999999999,-0.006164744489610375,-0.11829811491037358,0.0003300090069407644,-0.08890753433685561,0.025856765607014744,1
3,rest,-0.516,-0.007611814023119205,-0.11870501769847408,0.0003300090069407644,-0.08890753433685561,0.025856765607014744,1
3,rest,-0.5,-0.010123271774335415,-0.1192777831535515,0.0003300090069407644,-0.08890753433685561,0.025856765607014744,1
3,rest,-0.483,-0.005886154749169868,-0.11784208684255604,0.0003300090069407644,-0.08890753433685561,0.025856765607014744,1
3,rest,-0.46599999999999997,-0.005211061859762556,-0.11520659401815486,0.0003300090069407644,-0.08890753433685561,0.025856765607014744,1
3,rest,-0.44999999999999996,-0.01206413873676573,-0.11901621527376309,0.0003300090069407644,-0.08890753433685561,0.025856765607014744,1
3,rest,-0.43299999999999994,-0.005268219509447832,-0.11561056819608576,0.0003300090069407644,-0.08890753433685561,0.025856765607014744,1
3,rest,-0.416,-0.009375021887413326,-0.11398230640297757,0.0003300090069407644,-0.08890753433685561,0.025856765607014744,1
3,rest,-0.39999999999999997,-0.0038571381032078294,-0.11769912539372179,0.0003300090069407644,-0.08890753433685561,0.025856765607014744,1
3,rest,-0.383,-0.008002887882139936,-0.1140387447604488,0.0003300090069407644,-0.08890753433685561,0.025856765607014744,1
3,rest,-0.366,-0.010446218670922025,-0.1185163708512764,0.0003300090069407644,-0.08890753433685561,0.025856765607014744,1
3,rest,-0.35,-0.010566211418164823,-0.11633738674331907,0.0003300090069407644,-0.08890753433685561,0.025856765607014744,1
3,rest,-0.33299999999999996,-0.008469605732052412,-0.11607913122906534,0.0003300090069407644,-0.08890753433685561,0.025856765607014744,1
3,rest,-0.31599999999999995,-0.0071135538679495056,-0.11727979276702229,0.0003300090069407644,-0.08890753433685561,0.025856765607014744,1
3,pulled,-0.3,0.0029523410405996563,-0.1393645355206431,0.0003300090069407644,-0.08890753433685561,0.025856765607014744,1
3,pulled,-0.283,0.0007660996343733713,-0.13776627742174627,0.0003300090069407644,-0.08890753433685561,0.025856765607014744,1
3,pulled,-0.266,0.0013508836574143007,-0.1365475935008835,0.0003300090069407644,-0.08890753433685561,0.025856765607014744,1
3,pulled,-0.25,-0.0027437775872112234,-0.141488713074232,0.0003300090069407644,-0.08890753433685561,0.025856765607014744,1
3,pulled,-0.23299999999999998,0.0019642787054523227,-0.1298178101329673,0.0003300090069407644,-0.08890753433685561,0.025856765607014744,1
3,pulled,-0.21599999999999997,0.004493936682598409,-0.13278158502806575,0.0003300090069407644,-0.08890753433685561,0.025856765607014744,1
3,pulled,-0.19999999999999998,0.0016600674553962995,-0.13765672740685672,0.0003300090069407644,-0.08890753433685561,0.025856765607014744,1
3,pulled,-0.183,-0.0030956320686831894,-0.13648613464093654,0.0003300090069407644,-0.08890753433685561,0.025856765607014744,1
3,pulled,-0.16599999999999998,0.0011066242550828481,-0.13808000869435935,0.0003300090069407644,-0.08890753433685561,0.025856765607014744,1
3,pulled,-0.15,0.0030106284831312655,-0.134664866973964,0.0003300090069407644,-0.08890753433685561,0.025856765607014744,1
3,pulled,-0.13299999999999998,0.0036799378041767884,-0.13353009302702742,0.0003300090069407644,-0.08890753433685561,0.025856765607014744,1
3,pulled,-0.11599999999999999,0.0002929889693406181,-0.13375812221628736,0.0003300090069407644,-0.08890753433685561,0.025856765607014744,1
3,pulled,-0.09999999999999998,0.0021334647701286118,-0.13434975951866873,0.0003300090069407644,-0.08890753433685561,0.025856765607014744,1
3,pulled,-0.08299999999999999,-0.0011444767321167801,-0.14004802943145475,0.0003300090069407644,-0.08890753433685561,0.025856765607014744,1
3,pulled,-0.06599999999999998,0.007005686832492143,-0.13953049391476727,0.0003300090069407644,-0.08890753433685561,0.025856765607014744,1
3,pulled,-0.04999999999999999,0.0008732295478291185,-0.13327401569939631,0.0003300090069407644,-0.08890753433685561,0.025856765607014744,1
3,pulled,-0.032999999999999974,0.0013118598122233518,-0.13272403115447737,0.0003300090069407644,-0.08890753433685561,0.025856765607014744,1
3,pulled,-0.01599999999999996,0.0026576004283930654,-0.13715001345716324,0.0003300090069407644,-0.08890753433685561,0.025856765607014744,1
3,flight,0.019899999999999942,-0.0036490494916669074,-0.11354973606930814,0.0003300090069407644,-0.08890753433685561,0.025856765607014744,1
3,flight,0.03689999999999996,0.002909560424268408,-0.09638122520327774,0.0003300090069407644,-0.08890753433685561,0.025856765607014744,1
3,flight,0.053899999999999976,0.003706586907952055,-0.08200411907514989,0.0003300090069407644,-0.08890753433685561,0.025856765607014744,1
3,flight,0.06989999999999999,0.0011998396735631175,-0.06147248080887196,0.0003300090069407644,-0.08890753433685561,0.025856765607014744,1
3,flight,0.0869,0.005277302593393005,-0.046053918738182355,0.0003300090069407644,-0.08890753433685561,0.025856765607014744,1
3,flight,0.10390000000000002,0.0014609846457884637,-0.020583734180205943,0.0003300090069407644,-0.08890753433685561,0.025856765607014744,1
3,flight,0.11990000000000003,-0.0015096612749088318,-0.014021126029483992,0.0003300090069407644,-0.08890753433685561,0.025856765607014744,1
3,flight,0.13690000000000005,-0.0025140066148849755,0.007634917883051635,0.0003300090069407644,-0.08890753433685561,0.025856765607014744,1
3,flight,0.15390000000000006,0.002368090284185503,0.018604688600932416,0.0003300090069407644,-0.08890753433685561,0.025856765607014744,1
3,flight,0.16990000000000008,0.00016088089618944087,0.026149824898440963,0.0003300090069407644,-0.08890753433685561,0.025856765607014744,1
3,flight,0.1869000000000001,6.498893517026033e-05,0.04282597285510933,0.0003300090069407644,-0.08890753433685561,0.025856765607014744,1
3,flight,0.2039000000000001,-0.001082473130036269,0.05173721423242506,0.0003300090069407644,-0.08890753433685561,0.025856765607014744,1
3,flight,0.21990000000000012,-0.004651028316414143,0.06669956308890804,0.0003300090069407644,-0.08890753433685561,0.025856765607014744,1
3,flight,0.23690000000000014,0.0005530547002927451,0.07997703205977866,0.0003300090069407644,-0.08890753433685561,0.025856765607014744,1
3,flight,0.2539000000000001,0.0060165420330855245,0.08950299036516876,0.0003300090069407644,-0.08890753433685561,0.025856765607014744,1
3,flight,0.26990000000000014,-0.003805110823677381,0.09726674767365583,0.0003300090069407644,-0.08890753433685561,0.025856765607014744,1
3,flight,0.28690000000000015,-0.004538843378429339,0.10953495630564608,0.0003300090069407644,-0.08890753433685561,0.025856765607014744,1
3,flight,0.30390000000000017,-0.003856999199282623,0.12339025614559156,0.0003300090069407644,-0.08890753433685561,0.025856765607014744,1
3,flight,0.3199000000000002,0.0011861073642296257,0.1277190763462817,0.0003300090069407644,-0.08890753433685561,0.025856765607014744,1
3,flight,0.3369000000000002,-0.007285023126826993,0.12637167289581866,0.0003300090069407644,-0.08890753433685561,0.025856765607014744,1
3,flight,0.3539000000000002,-0.0010043886453633536,0.13934699979676138,0.0003300090069407644,-0.08890753433685561,0.025856765607014744,1
3,flight,0.36990000000000023,-0.0020552763673936077,0.1468785506130448,0.0003300090069407644,-0.08890753433685561,0.025856765607014744,1
3,flight,0.38690000000000024,-0.0006663782095274308,0.1474118635228364,0.0003300090069407644,-0.08890753433685561,0.025856765607014744,1
3,flight,0.40390000000000026,-0.0013140631457930745,0.1493080960004169,0.0003300090069407644,-0.08890753433685561,0.025856765607014744,1
3,flight,0.4199000000000003,0.0017854488076423838,0.1542883649176536,0.0003300090069407644,-0.08890753433685561,0.025856765607014744,1
3,flight,0.4369000000000003,-0.008170079949916134,0.14820059838589053,0.0003300090069407644,-0.08890753433685561,0.025856765607014744,1
3,flight,0.4539000000000003,0.00023664034169343243,0.14367666568587337,0.0003300090069407644,-0.08890753433685561,0.025856765607014744,1
3,flight,0.4699000000000003,-0.0016381274392605369,0.14659700708300605,0.0003300090069407644,-0.08890753433685561,0.025856765607014744,1
4,rest,-0.6,-0.008678736802464209,-0.115990577255886,0.0017639078500054986,-0.027609668105080854,0.02191094186223138,0
4,rest,-0.583,-0.0065045256601077945,-0.11923410386085245,0.0017639078500054986,-0.027609668105080854,0.02191094186223138,0
4,rest,-0.566,-0.00956287312356131,-0.11705265317385044,0.0017639078500054986,-0.027609668105080854,0.02191094186223138,0
4,rest,-0.5499999999999999,-0.004547299807113632,-0.12191741691395183,0.0017639078500054986,-0.027609668105080854,0.02191094186223138,0
4,rest,-0.5329999999999999,0.00021601739695129192,-0.1112602818148014,0.0017639078500054986,-0.027609668105080854,0.02191094186223138,0
4,rest,-0.516,-0.006244073761006502,-0.12360672638131193,0.0017639078500054986,-0.027609668105080854,0.02191094186223138,0
4,rest,-0.5,-0.004143913325479179,-0.11697270370939275,0.0017639078500054986,-0.027609668105080854,0.02191094186223138,0
4,rest,-0.483,-0.0046661830712592224,-0.12227966631428278,0.0017639078500054986,-0.027609668105080854,0.02191094186223138,0
4,rest,-0.46599999999999997,-0.0034352775819464433,-0.12012370364594131,0.0017639078500054986,-0.027609668105080854,0.02191094186223138,0
4,rest,-0.44999999999999996,-0.008253988935436146,-0.11258870622898835,0.0017639078500054986,-0.027609668105080854,0.02191094186223138,0
4,rest,-0.43299999999999994,-0.0032076836708248803,-0.11698051421208798,0.0017639078500054986,-0.027609668105080854,0.02191094186223138,0
4,rest,-0.416,-0.00991769920880244,-0.11909718615925353,0.0017639078500054986,-0.027609668105080854,0.02191094186223138,0
4,rest,-0.39999999999999997,-0.00771963050010305,-0.1231763274419118,0.0017639078500054986,-0.027609668105080854,0.02191094186223138,0
4,rest,-0.383,-0.005114411871147754,-0.12152852527419991,0.0017639078500054986,-0.027609668105080854,0.02191094186223138,0
4,rest,-0.366,-0.005320487923730598,-0.1188886233903957,0.0017639078500054986,-0.027609668105080854,0.02191094186223138,0
4,rest,-0.35,-0.0071100704314597,-0.11716167853291613,0.0017639078500054986,-0.027609668105080854,0.02191094186223138,0
4,rest,-0.33299999999999996,-0.0027160259594013673,-0.11662475379430459,0.0017639078500054986,-0.027609668105080854,0.02191094186223138,0
4,rest,-0.31599999999999995,-0.0005913409999031278,-0.12638852046047735,0.0017639078500054986,-0.027609668105080854,0.02191094186223138,0
4,pulled,-0.3,-0.002388621603272338,-0.1365513169216602,0.0017639078500054986,-0.027609668105080854,0.02191094186223138,0
4,pulled,-0.283,0.0017374705960512644,-0.1357690753191535,0.0017639078500054986,-0.027609668105080854,0.02191094186223138,0
4,pulled,-0.266,-0.0021703048565598227,-0.13476535057960776,0.0017639078500054986,-0.027609668105080854,0.02191094186223138,0
4,pulled,-0.25,0.0024134330820145982,-0.1379737331627078,0.0017639078500054986,-0.027609668105080854,0.02191094186223138,0
4,pulled,-0.23299999999999998,0.004763565494387386,-0.13341215760955039,0.0017639078500054986,-0.027609668105080854,0.02191094186223138,0
4,pulled,-0.21599999999999997,0.003263373056883886,-0.13407833245381556,0.0017639078500054986,-0.027609668105080854,0.02191094186223138,0
4,pulled,-0.19999999999999998,0.001413722409073229,-0.1331913944502217,0.0017639078500054986,-0.027609668105080854,0.02191094186223138,0
4,pulled,-0.183,0.004612562865821997,-0.1334716341428725,0.0017639078500054986,-0.027609668105080854,0.02191094186223138,0
4,pulled,-0.16599999999999998,0.00010197866844573232,-0.1350954314182197,0.0017639078500054986,-0.027609668105080854,0.02191094186223138,0
4,pulled,-0.15,0.001218949027647301,-0.13098289820535816,0.0017639078500054986,-0.027609668105080854,0.02191094186223138,0
4,pulled,-0.13299999999999998,-1.868524936364741e-05,-0.13589745328626088,0.0017639078500054986,-0.027609668105080854,0.02191094186223138,0
4,pulled,-0.11599999999999999,0.0045261510630854995,-0.13244386110271833,0.0017639078500054986,-0.027609668105080854,0.02191094186223138,0
4,pulled,-0.08299999999999999,0.002265725844112683,-0.13201793775345474,0.0017639078500054986,-0.027609668105080854,0.02191094186223138,0
4,pulled,-0.06599999999999998,0.00414955704664304,-0.14004111671845043,0.0017639078500054986,-0.027609668105080854,0.02191094186223138,0
4,pulled,-0.04999999999999999,0.0031096674152607945,-0.13448502998498124,0.0017639078500054986,-0.027609668105080854,0.02191094186223138,0
4,pulled,-0.032999999999999974,0.007041201178572351,-0.13178867409407166,0.0017639078500054986,-0.027609668105080854,0.02191094186223138,0
4,pulled,-0.01599999999999996,0.0037171509604731613,-0.13730205398278508,0.0017639078500054986,-0.027609668105080854,0.02191094186223138,0
4,flight,0.02009999999999994,0.0069572522146801605,-0.12015132687698576,0.0017639078500054986,-0.027609668105080854,0.02191094186223138,0
4,flight,0.03709999999999995,0.0009890587462157313,-0.09693526120447024,0.0017639078500054986,-0.027609668105080854,0.02191094186223138,0
4,flight,0.05409999999999997,0.003493013233512608,-0.0867201387049965,0.0017639078500054986,-0.027609668105080854,0.02191094186223138,0
4,flight,0.07009999999999998,0.0016558980534174214,-0.06993989768143799,0.0017639078500054986,-0.027609668105080854,0.02191094186223138,0
4,flight,0.0871,0.005289684087505769,-0.05660534146063498,0.0017639078500054986,-0.027609668105080854,0.02191094186223138,0
4,flight,0.10410000000000001,0.002522294718724967,-0.039948728760272785,0.0017639078500054986,-0.027609668105080854,0.02191094186223138,0
4,flight,0.12010000000000003,0.0027945460580160323,-0.026906890963014206,0.0017639078500054986,-0.027609668105080854,0.02191094186223138,0
4,flight,0.13710000000000006,0.0022967038261058723,-0.012620326285220116,0.0017639078500054986,-0.027609668105080854,0.02191094186223138,0
4,flight,0.15410000000000007,0.002626859430585451,-0.0018647870038549152,0.0017639078500054986,-0.027609668105080854,0.02191094186223138,0
4,flight,0.17010000000000008,-0.0026620044105061104,-0.008446933178621325,0.0017639078500054986,-0.027609668105080854,0.02191094186223138,0
4,flight,0.1871000000000001,-0.0040183112086554645,-0.004839665852032384,0.0017639078500054986,-0.027609668105080854,0.02191094186223138,0
4,flight,0.20410000000000011,-4.6751190705432606e-05,-0.006730676485822646,0.0017639078500054986,-0.027609668105080854,0.02191094186223138,0
4,flight,0.22010000000000013,0.0033824428004711506,0.0033246450798806366,0.0017639078500054986,-0.027609668105080854,0.02191094186223138,0
5,rest,-0.6,-0.030414431315138997,-0.11792517943676417,0.0016864720754495158,-0.0909562147824835,0.01805806132221973,0
5,rest,-0.583,-0.045405263464325996,-0.11251864395042623,0.0016864720754495158,-0.0909562147824835,0.01805806132221973,0
5,rest,-0.566,-0.04353569011489023,-0.11503592931956931,0.0016864720754495158,-0.0909562147824835,0.01805806132221973,0
5,rest,-0.5499999999999999,-0.03894706652284948,-0.11932350910673718,0.0016864720754495158,-0.0909562147824835,0.01805806132221973,0
5,rest,-0.5329999999999999,-0.037182031651939944,-0.11618949907388712,0.0016864720754495158,-0.0909562147824835,0.01805806132221973,0
5,rest,-0.516,-0.03430429779314566,-0.11536846068358247,0.0016864720754495158,-0.0909562147824835,0.01805806132221973,0
5,rest,-0.5,-0.04171842182472143,-0.12099637750105881,0.0016864720754495158,-0.0909562147824835,0.01805806132221973,0
5,rest,-0.483,-0.03594225931804195,-0.1160954547771943,0.0016864720754495158,-0.0909562147824835,0.01805806132221973,0
5,rest,-0.46599999999999997,-0.03954587769351324,-0.11595522970332889,0.0016864720754495158,-0.0909562147824835,0.01805806132221973,0
5,rest,-0.44999999999999996,-0.0376967272328961,-0.11486202215021707,0.0016864720754495158,-0.0909562147824835,0.01805806132221973,0
5,rest,-0.43299999999999994,-0.03202514385289366,-0.11424776151833008,0.0016864720754495158,-0.0909562147824835,0.01805806132221973,0
5,rest,-0.416,-0.03851733685710666,-0.12181684831247225,0.0016864720754495158,-0.0909562147824835,0.01805806132221973,0
5,rest,-0.39999999999999997,-0.03622886673844842,-0.11848700910013946,0.0016864720754495158,-0.0909562147824835,0.01805806132221973,0
5,rest,-0.383,-0.03743250290124819,-0.11941926125960392,0.0016864720754495158,-0.0909562147824835,0.01805806132221973,0
5,rest,-0.366,-0.03382863355356998,-0.11984644763701159,0.0016864720754495158,-0.0909562147824835,0.01805806132221973,0
5,rest,-0.35,-0.03741408511592162,-0.11680736102116598,0.0016864720754495158,-0.0909562147824835,0.01805806132221973,0
5,rest,-0.33299999999999996,-0.041641911945973366,-0.11342142872734153,0.0016864720754495158,-0.0909562147824835,0.01805806132221973,0
5,rest,-0.31599999999999995,-0.04049574666783775,-0.11568118822272926,0.0016864720754495158,-0.0909562147824835,0.01805806132221973,0
5,pulled,-0.3,-0.0005469810797944677,-0.13289498874457578,0.0016864720754495158,-0.0909562147824835,0.01805806132221973,0
5,pulled,-0.283,0.0005328835061308981,-0.12898276764298383,0.0016864720754495158,-0.0909562147824835,0.01805806132221973,0
5,pulled,-0.266,0.0029310920834891285,-0.12633074216148973,0.0016864720754495158,-0.0909562147824835,0.01805806132221973,0
5,pulled,-0.25,-0.0008237501784106099,-0.1330914620604589,0.0016864720754495158,-0.0909562147824835,0.01805806132221973,0
5,pulled,-0.23299999999999998,-3.151221561104988e-05,-0.1272185397991241,0.0016864720754495158,-0.0909562147824835,0.01805806132221973,0
5,pulled,-0.21599999999999997,0.006758018500109077,-0.13699731605569718,0.0016864720754495158,-0.0909562147824835,0.01805806132221973,0
5,pulled,-0.19999999999999998,-0.0014077865675547648,-0.12846179689880938,0.0016864720754495158,-0.0909562147824835,0.01805806132221973,0
5,pulled,-0.183,-0.0015580734973856059,-0.13194242156158073,0.0016864720754495158,-0.0909562147824835,0.01805806132221973,0
5,pulled,-0.16599999999999998,-0.0039639603508183855,-0.12955879818380853,0.0016864720754495158,-0.0909562147824835,0.01805806132221973,0
5,pulled,-0.15,0.005370141982748837,-0.13191254123984372,0.0016864720754495158,-0.0909562147824835,0.01805806132221973,0
5,pulled,-0.13299999999999998,3.945549067383477e-05,-0.1333016678155633,0.0016864720754495158,-0.0909562147824835,0.01805806132221973,0
5,pulled,-0.11599999999999999,8.87107733191035e-05,-0.135565164858135,0.0016864720754495158,-0.0909562147824835,0.01805806132221973,0
5,pulled,-0.09999999999999998,0.004333965457881032,-0.13505355543228945,0.0016864720754495158,-0.0909562147824835,0.01805806132221973,0
5,pulled,-0.08299999999999999,0.005977948549880813,-0.1280343414888262,0.0016864720754495158,-0.0909562147824835,0.01805806132221973,0
5,pulled,-0.06599999999999998,0.0013439738623318418,-0.13187270280411503,0.0016864720754495158,-0.0909562147824835,0.01805806132221973,0
5,pulled,-0.04999999999999999,0.002906351694505688,-0.1313960019033497,0.0016864720754495158,-0.0909562147824835,0.01805806132221973,0
5,pulled,-0.032999999999999974,0.002651273264999868,-0.1369774768095565,0.0016864720754495158,-0.0909562147824835,0.01805806132221973,0
5,pulled,-0.01599999999999996,0.0037315315735774444,-0.1351036365790408,0.0016864720754495158,-0.0909562147824835,0.01805806132221973,0
5,flight,0.037399999999999954,0.00022335416176769976,-0.1062662705726207,0.0016864720754495158,-0.0909562147824835,0.01805806132221973,0
5,flight,0.05439999999999997,-0.003892144404826211,-0.0920571112847146,0.0016864720754495158,-0.0909562147824835,0.01805806132221973,0
5,flight,0.07039999999999999,0.0018344771781356173,-0.0807220162899767,0.0016864720754495158,-0.0909562147824835,0.01805806132221973,0
5,flight,0.0874,0.006240893819662443,-0.06381236717601257,0.0016864720754495158,-0.0909562147824835,0.01805806132221973,0
5,flight,0.10440000000000002,0.0035117776012136438,-0.058363339463382916,0.0016864720754495158,-0.0909562147824835,0.01805806132221973,0
5,flight,0.12040000000000003,0.006563831855855507,-0.04938131746542876,0.0016864720754495158,-0.0909562147824835,0.01805806132221973,0
5,flight,0.13740000000000005,0.0011241245729532133,-0.039591095845703084,0.0016864720754495158,-0.0909562147824835,0.01805806132221973,0
5,flight,0.15440000000000006,0.00283406881128707,-0.03682171716932099,0.0016864720754495158,-0.0909562147824835,0.01805806132221973,0
5,flight,0.17040000000000008,-0.0018200206385141828,-0.028255692182896842,0.0016864720754495158,-0.0909562147824835,0.01805806132221973,0
5,flight,0.1874000000000001,0.003020455999401364,-0.019344259603373964,0.0016864720754495158,-0.0909562147824835,0.01805806132221973,0
5,flight,0.2044000000000001,-0.00010716512123399701,-0.008646058559941022,0.0016864720754495158,-0.0909562147824835,0.01805806132221973,0
5,flight,0.22040000000000012,-0.0033057995431221197,-0.012904038957649806,0.0016864720754495158,-0.0909562147824835,0.01805806132221973,0
5,flight,0.23740000000000014,0.002678921290849713,-0.0013930168093576997,0.0016864720754495158,-0.0909562147824835,0.01805806132221973,0
5,flight,0.2544000000000001,-0.0006311540604943388,-0.002520019006246094,0.0016864720754495158,-0.0909562147824835,0.01805806132221973,0
5,flight,0.27040000000000014,-0.003192269072825367,-0.0008591387914813893,0.0016864720754495158,-0.0909562147824835,0.01805806132221973,0
5,flight,0.28740000000000016,0.0018374759669865697,-0.0028044744584606214,0.0016864720754495158,-0.0909562147824835,0.01805806132221973,0
6,rest,-0.6,0.05424053214825592,-0.11529559714302118,0.00105727908527064,0.01241912107852321,0.025747058249719217,1
6,rest,-0.583,0.057211265922309976,-0.12315773509195736,0.00105727908527064,0.01241912107852321,0.025747058249719217,1
6,rest,-0.566,0.05556023403820445,-0.11860059906441177,0.00105727908527064,0.01241912107852321,0.025747058249719217,1
6,rest,-0.5499999999999999,0.055853941647293064,-0.11323881943251571,0.00105727908527064,0.01241912107852321,0.025747058249719217,1
6,rest,-0.5329999999999999,0.053492675054692004,-0.11869206548794921,0.00105727908527064,0.01241912107852321,0.025747058249719217,1
6,rest,-0.516,0.056546270846857837,-0.11842193177463117,0.00105727908527064,0.01241912107852321,0.025747058249719217,1
6,rest,-0.5,0.057373555685628096,-0.12088314804430515,0.00105727908527064,0.01241912107852321,0.025747058249719217,1
6,rest,-0.483,0.057791760239987465,-0.11207766763601613,0.00105727908527064,0.01241912107852321,0.025747058249719217,1
6,rest,-0.46599999999999997,0.055867260478527386,-0.11358775585248432,0.00105727908527064,0.01241912107852321,0.025747058249719217,1
6,rest,-0.44999999999999996,0.05648600329332518,-0.11390082417780512,0.00105727908527064,0.01241912107852321,0.025747058249719217,1
6,rest,-0.43299999999999994,0.05462284843918933,-0.12370643485376158,0.00105727908527064,0.01241912107852321,0.025747058249719217,1
6,rest,-0.416,0.057397983624512774,-0.1163922354973672,0.00105727908527064,0.01241912107852321,0.025747058249719217,1
6,rest,-0.39999999999999997,0.05371719575212893,-0.12245091572015207,0.00105727908527064,0.01241912107852321,0.025747058249719217,1
6,rest,-0.383,0.055923935270030554,-0.12237420177018937,0.00105727908527064,0.01241912107852321,0.025747058249719217,1
6,rest,-0.366,0.053896353014562914,-0.11892849362803116,0.00105727908527064,0.01241912107852321,0.025747058249719217,1
6,rest,-0.35,0.05643508321918608,-0.11868065875522496,0.00105727908527064,0.01241912107852321,0.025747058249719217,1
6,rest,-0.33299999999999996,0.0518693239923254,-0.11363255220979733,0.00105727908527064,0.01241912107852321,0.025747058249719217,1
6,rest,-0.31599999999999995,0.054694310235121724,-0.11696213549318958,0.00105727908527064,0.01241912107852321,0.025747058249719217,1
6,pulled,-0.3,0.0009781884968386684,-0.14156914302470433,0.00105727908527064,0.01241912107852321,0.025747058249719217,1
6,pulled,-0.283,0.004293154323269979,-0.13620138104640367,0.00105727908527064,0.01241912107852321,0.025747058249719217,1
6,pulled,-0.266,0.002638654746411031,-0.13168859588031318,0.00105727908527064,0.01241912107852321,0.025747058249719217,1
6,pulled,-0.25,8.10468467382187e-05,-0.13994687984938894,0.00105727908527064,0.01241912107852321,0.025747058249719217,1
6,pulled,-0.23299999999999998,0.00555614504267992,-0.14359086537245636,0.00105727908527064,0.01241912107852321,0.025747058249719217,1
6,pulled,-0.21599999999999997,0.00023272043026227704,-0.13300015483506814,0.00105727908527064,0.01241912107852321,0.025747058249719217,1
6,pulled,-0.19999999999999998,-0.006701822692652767,-0.1315659126968489,0.00105727908527064,0.01241912107852321,0.025747058249719217,1
6,pulled,-0.183,0.002190305473602221,-0.13792293572109557,0.00105727908527064,0.01241912107852321,0.025747058249719217,1
6,pulled,-0.16599999999999998,0.00020221637800400783,-0.139177823073006,0.00105727908527064,0.01241912107852321,0.025747058249719217,1
6,pulled,-0.13299999999999998,0.002194146493277715,-0.13716516033876897,0.00105727908527064,0.01241912107852321,0.025747058249719217,1
6,pulled,-0.11599999999999999,0.0037738983724375933,-0.14024629029812818,0.00105727908527064,0.01241912107852321,0.025747058249719217,1
6,pulled,-0.09999999999999998,0.0012242823508178786,-0.13443391566199783,0.00105727908527064,0.01241912107852321,0.025747058249719217,1
6,pulled,-0.08299999999999999,8.73914666687223e-05,-0.13857506566571798,0.00105727908527064,0.01241912107852321,0.025747058249719217,1
6,pulled,-0.06599999999999998,-0.0011741713437003094,-0.13548434706978219,0.00105727908527064,0.01241912107852321,0.025747058249719217,1
6,pulled,-0.04999999999999999,-0.00011812105065910076,-0.14120939951562014,0.00105727908527064,0.01241912107852321,0.025747058249719217,1
6,pulled,-0.032999999999999974,-0.00029959344613957934,-0.14199102632507374,0.00105727908527064,0.01241912107852321,0.025747058249719217,1
6,pulled,-0.01599999999999996,-0.0015722120495641537,-0.14212633863493773,0.00105727908527064,0.01241912107852321,0.025747058249719217,1
6,flight,0.019799999999999943,0.004217901557423677,-0.11950422421598901,0.00105727908527064,0.01241912107852321,0.025747058249719217,1
6,flight,0.03679999999999996,-0.004181964374421282,-0.09208504620343537,0.00105727908527064,0.01241912107852321,0.025747058249719217,1
6,flight,0.05379999999999997,0.0011496137372499892,-0.07554777577170525,0.00105727908527064,0.01241912107852321,0.025747058249719217,1
6,flight,0.06979999999999999,-0.0004856776256522165,-0.05965231300744447,0.00105727908527064,0.01241912107852321,0.025747058249719217,1
6,flight,0.0868,0.0026212332546897824,-0.036246028266444894,0.00105727908527064,0.01241912107852321,0.025747058249719217,1
6,flight,0.10380000000000002,0.002836793901577304,-0.019114783941210897,0.00105727908527064,0.01241912107852321,0.025747058249719217,1
6,flight,0.11980000000000003,-0.003927048547185117,-0.0047252899637844695,0.00105727908527064,0.01241912107852321,0.025747058249719217,1
6,flight,0.13680000000000003,0.0038681860735373637,0.010342181130192979,0.00105727908527064,0.01241912107852321,0.025747058249719217,1
6,flight,0.15380000000000005,0.0008223633894698058,0.0260477857502809,0.00105727908527064,0.01241912107852321,0.025747058249719217,1
6,flight,0.16980000000000006,-0.007086351499389907,0.0451508183031351,0.00105727908527064,0.01241912107852321,0.025747058249719217,1
6,flight,0.18680000000000008,-0.009532718160000554,0.05592882586708425,0.00105727908527064,0.01241912107852321,0.025747058249719217,1
6,flight,0.2038000000000001,-0.0015717997123955753,0.0690745958970171,0.00105727908527064,0.01241912107852321,0.025747058249719217,1
6,flight,0.2198000000000001,-0.0057364367238278546,0.0785113276598183,0.00105727908527064,0.01241912107852321,0.025747058249719217,1
6,flight,0.23680000000000012,-0.009977489386262245,0.09673689495399683,0.00105727908527064,0.01241912107852321,0.025747058249719217,1
6,flight,0.25380000000000014,-0.014076069604445548,0.10839586115616252,0.00105727908527064,0.01241912107852321,0.025747058249719217,1
6,flight,0.26980000000000015,-0.014565830881346883,0.11432682752480396,0.00105727908527064,0.01241912107852321,0.025747058249719217,1
6,flight,0.28680000000000017,-0.0075275584788789705,0.1280629042275702,0.00105727908527064,0.01241912107852321,0.025747058249719217,1
6,flight,0.3038000000000002,-0.01955379551027069,0.1359766702798272,0.00105727908527064,0.01241912107852321,0.025747058249719217,1
6,flight,0.3198000000000002,-0.014460370158203995,0.14950782352894665,0.00105727908527064,0.01241912107852321,0.025747058249719217,1
6,flight,0.3368000000000002,-0.018179485670028653,0.153099154140947,0.00105727908527064,0.01241912107852321,0.025747058249719217,1
6,flight,0.3538000000000002,-0.01435931733234549,0.14221804990960613,0.00105727908527064,0.01241912107852321,0.025747058249719217,1
6,flight,0.36980000000000024,-0.016940971927475124,0.1415281487194713,0.00105727908527064,0.01241912107852321,0.025747058249719217,1
6,flight,0.38680000000000025,-0.009698886087753832,0.13417051752243164,0.00105727908527064,0.01241912107852321,0.025747058249719217,1
6,flight,0.40380000000000027,-0.020336698392444875,0.12856295233886011,0.00105727908527064,0.01241912107852321,0.025747058249719217,1
6,flight,0.4198000000000003,-0.019381968644813896,0.13171132873696642,0.00105727908527064,0.01241912107852321,0.025747058249719217,1
6,flight,0.4368000000000003,-0.020503585616500553,0.12302068889360188,0.00105727908527064,0.01241912107852321,0.025747058249719217,1
6,flight,0.4538000000000003,-0.017288050329609277,0.11926404771304937,0.00105727908527064,0.01241912107852321,0.025747058249719217,1
6,flight,0.46980000000000033,-0.01905273529026464,0.1202977410497268,0.00105727908527064,0.01241912107852321,0.025747058249719217,1
6,flight,0.48680000000000034,-0.02032092951646547,0.1202473460797878,0.00105727908527064,0.01241912107852321,0.025747058249719217,1
7,rest,-0.6,-0.025928855752089374,-0.11195602594041515,0.00020511592308510986,-0.06568582500604973,0.01512819693709484,0
7,rest,-0.583,-0.01887824996858192,-0.11826595030448032,0.00020511592308510986,-0.06568582500604973,0.01512819693709484,0
7,rest,-0.566,-0.018992982394425647,-0.11632539616736132,0.00020511592308510986,-0.06568582500604973,0.01512819693709484,0
7,rest,-0.5499999999999999,-0.027331897222446583,-0.11903210458339455,0.00020511592308510986,-0.06568582500604973,0.01512819693709484,0
7,rest,-0.5329999999999999,-0.023330517560379405,-0.1166941111089665,0.00020511592308510986,-0.06568582500604973,0.01512819693709484,0
7,rest,-0.516,-0.024507842388237087,-0.12213217659347937,0.00020511592308510986,-0.06568582500604973,0.01512819693709484,0
7,rest,-0.5,-0.0175953974895336,-0.11788718191063492,0.00020511592308510986,-0.06568582500604973,0.01512819693709484,0
7,rest,-0.483,-0.025355304532362663,-0.11502971414106669,0.00020511592308510986,-0.06568582500604973,0.01512819693709484,0
7,rest,-0.46599999999999997,-0.024519163812106233,-0.12099990080056044,0.00020511592308510986,-0.06568582500604973,0.01512819693709484,0
7,rest,-0.44999999999999996,-0.017695924600883567,-0.1180726686765403,0.00020511592308510986,-0.06568582500604973,0.01512819693709484,0
7,rest,-0.43299999999999994,-0.02444745720055557,-0.11551264134461074,0.00020511592308510986,-0.06568582500604973,0.01512819693709484,0
7,rest,-0.416,-0.02176608364721494,-0.11723940244784754,0.00020511592308510986,-0.06568582500604973,0.01512819693709484,0
7,rest,-0.39999999999999997,-0.024085773733573956,-0.12285470636547087,0.00020511592308510986,-0.06568582500604973,0.01512819693709484,0
7,rest,-0.383,-0.016152434583723636,-0.1213683098595758,0.00020511592308510986,-0.06568582500604973,0.01512819693709484,0
7,rest,-0.366,-0.021635932044588486,-0.11406792465367546,0.00020511592308510986,-0.06568582500604973,0.01512819693709484,0
7,rest,-0.35,-0.023833496116266374,-0.12028130986308747,0.00020511592308510986,-0.06568582500604973,0.01512819693709484,0
7,rest,-0.33299999999999996,-0.022004081619725665,-0.11163086601987246,0.00020511592308510986,-0.06568582500604973,0.01512819693709484,0
7,rest,-0.31599999999999995,-0.024649499696743137,-0.11823990534910794,0.00020511592308510986,-0.06568582500604973,0.01512819693709484,0
7,pulled,-0.3,0.002764195640338454,-0.13222871347427112,0.00020511592308510986,-0.06568582500604973,0.01512819693709484,0
7,pulled,-0.283,-0.003549201268676426,-0.12697488719669342,0.00020511592308510986,-0.06568582500604973,0.01512819693709484,0
7,pulled,-0.266,-0.004242395402371873,-0.13047888827424362,0.00020511592308510986,-0.06568582500604973,0.01512819693709484,0
7,pulled,-0.25,0.00047259343980507755,-0.1314224463537924,0.00020511592308510986,-0.06568582500604973,0.01512819693709484,0
7,pulled,-0.23299999999999998,0.0010090644304931035,-0.12827847762847105,0.00020511592308510986,-0.06568582500604973,0.01512819693709484,0
7,pulled,-0.19999999999999998,0.008465214176213763,-0.12627047438753755,0.00020511592308510986,-0.06568582500604973,0.01512819693709484,0
7,pulled,-0.183,0.00351803242693047,-0.1310081670107914,0.00020511592308510986,-0.06568582500604973,0.01512819693709484,0
7,pulled,-0.16599999999999998,-0.0013516047259811133,-0.12794928916490397,0.00020511592308510986,-0.06568582500604973,0.01512819693709484,0
7,pulled,-0.15,0.007934536336217263,-0.12485355292805136,0.00020511592308510986,-0.06568582500604973,0.01512819693709484,0
7,pulled,-0.13299999999999998,-0.0008028510252096937,-0.12859642290184198,0.00020511592308510986,-0.06568582500604973,0.01512819693709484,0
7,pulled,-0.11599999999999999,0.0008953698166952858,-0.12323778249852374,0.00020511592308510986,-0.06568582500604973,0.01512819693709484,0
7,pulled,-0.09999999999999998,-0.0008802843648976252,-0.12768623255972059,0.00020511592308510986,-0.06568582500604973,0.01512819693709484,0
7,pulled,-0.08299999999999999,-0.004176098124655249,-0.13136448816023,0.00020511592308510986,-0.06568582500604973,0.01512819693709484,0
7,pulled,-0.06599999999999998,-0.0007747239575539024,-0.12264908316720266,0.00020511592308510986,-0.06568582500604973,0.01512819693709484,0
7,pulled,-0.04999999999999999,0.004479107072420735,-0.1290908999614339,0.00020511592308510986,-0.06568582500604973,0.01512819693709484,0
7,pulled,-0.032999999999999974,-0.0018455262316345443,-0.1336449900435303,0.00020511592308510986,-0.06568582500604973,0.01512819693709484,0
7,pulled,-0.01599999999999996,-0.0003257937183839528,-0.13158244668315844,0.00020511592308510986,-0.06568582500604973,0.01512819693709484,0
7,flight,0.020599999999999938,-0.0018997624325677689,-0.11292257732882746,0.00020511592308510986,-0.06568582500604973,0.01512819693709484,0
7,flight,0.03759999999999995,-0.0005737358941550819,-0.10009075235380883,0.00020511592308510986,-0.06568582500604973,0.01512819693709484,0
7,flight,0.05459999999999997,0.0008662955131657434,-0.09457672981588056,0.00020511592308510986,-0.06568582500604973,0.01512819693709484,0
7,flight,0.07059999999999998,-0.0013312372019951817,-0.08275991836738805,0.00020511592308510986,-0.06568582500604973,0.01512819693709484,0
7,flight,0.0876,-0.0013039291565924446,-0.08176198213104746,0.00020511592308510986,-0.06568582500604973,0.01512819693709484,0
7,flight,0.10460000000000001,-0.0026264313948297147,-0.07576388350423155,0.00020511592308510986,-0.06568582500604973,0.01512819693709484,0
7,flight,0.12060000000000003,0.0006345107597682335,-0.0604861230406057,0.00020511592308510986,-0.06568582500604973,0.01512819693709484,0
7,flight,0.13760000000000006,-0.0012426343077396626,-0.05582686490253179,0.00020511592308510986,-0.06568582500604973,0.01512819693709484,0
7,flight,0.15460000000000007,-0.0005104447964673996,-0.05253214983133877,0.00020511592308510986,-0.06568582500604973,0.01512819693709484,0
7,flight,0.17060000000000008,0.0021513948290295248,-0.04325621260415385,0.00020511592308510986,-0.06568582500604973,0.01512819693709484,0
7,flight,0.1876000000000001,0.0035624043213239695,-0.03431052191621537,0.00020511592308510986,-0.06568582500604973,0.01512819693709484,0
7,flight,0.20460000000000012,-0.0010774956280416533,-0.03562345403810392,0.00020511592308510986,-0.06568582500604973,0.01512819693709484,0
7,flight,0.22060000000000013,-0.0022942497321750753,-0.03349127533289784,0.00020511592308510986,-0.06568582500604973,0.01512819693709484,0
7,flight,0.23760000000000014,0.0013297799023390688,-0.02585346321992752,0.00020511592308510986,-0.06568582500604973,0.01512819693709484,0
7,flight,0.25460000000000016,0.0006248456039913426,-0.022709964368048834,0.00020511592308510986,-0.06568582500604973,0.01512819693709484,0
7,flight,0.2706000000000002,-0.00110739978831661,-0.024799659668765784,0.00020511592308510986,-0.06568582500604973,0.01512819693709484,0
7,flight,0.2876000000000002,0.0023831346885407802,-0.02694088899640802,0.00020511592308510986,-0.06568582500604973,0.01512819693709484,0
8,rest,-0.6,0.04308357431200301,-0.11689701778610957,-0.0004551828173588999,0.03513401190973502,0.01723530212830608,1
8,rest,-0.583,0.04188274525779003,-0.11923147682038028,-0.0004551828173588999,0.03513401190973502,0.01723530212830608,1
8,rest,-0.566,0.04486120083027464,-0.11554830724778029,-0.0004551828173588999,0.03513401190973502,0.01723530212830608,1
8,rest,-0.5499999999999999,0.04426800116657097,-0.12393253251394859,-0.0004551828173588999,0.03513401190973502,0.01723530212830608,1
8,rest,-0.5329999999999999,0.05028610349532901,-0.12279412288105084,-0.0004551828173588999,0.03513401190973502,0.01723530212830608,1
8,rest,-0.516,0.04383348795713567,-0.1235396052454925,-0.0004551828173588999,0.03513401190973502,0.01723530212830608,1
8,rest,-0.5,0.04857937000784182,-0.1191597446669847,-0.0004551828173588999,0.03513401190973502,0.01723530212830608,1
8,rest,-0.483,0.04365947972141679,-0.11749722117813934,-0.0004551828173588999,0.03513401190973502,0.01723530212830608,1
8,rest,-0.46599999999999997,0.044034131669925966,-0.11607688213461875,-0.0004551828173588999,0.03513401190973502,0.01723530212830608,1
8,rest,-0.44999999999999996,0.04315850866404589,-0.11676202051852828,-0.0004551828173588999,0.03513401190973502,0.01723530212830608,1
8,rest,-0.43299999999999994,0.04512861929863841,-0.11914060879766802,-0.0004551828173588999,0.03513401190973502,0.01723530212830608,1
8,rest,-0.416,0.049529101000205265,-0.11961167426911044,-0.0004551828173588999,0.03513401190973502,0.01723530212830608,1
8,rest,-0.39999999999999997,0.04950959971992778,-0.11677266678477982,-0.0004551828173588999,0.03513401190973502,0.01723530212830608,1
8,rest,-0.383,0.043978213532889776,-0.12039125318442019,-0.0004551828173588999,0.03513401190973502,0.01723530212830608,1
8,rest,-0.366,0.046867180354445745,-0.11576428292748717,-0.0004551828173588999,0.03513401190973502,0.01723530212830608,1
8,rest,-0.35,0.03857703839696789,-0.12121093518583195,-0.0004551828173588999,0.03513401190973502,0.01723530212830608,1
8,rest,-0.33299999999999996,0.036762316587052785,-0.11788776684403232,-0.0004551828173588999,0.03513401190973502,0.01723530212830608,1
8,rest,-0.31599999999999995,0.046627044430962376,-0.11823980414131376,-0.0004551828173588999,0.03513401190973502,0.01723530212830608,1
8,pulled,-0.3,-0.0001572826290447075,-0.13053887705945716,-0.0004551828173588999,0.03513401190973502,0.01723530212830608,1
8,pulled,-0.283,0.0007128792272855578,-0.12374227548974784,-0.0004551828173588999,0.03513401190973502,0.01723530212830608,1
8,pulled,-0.266,-0.004241449814546773,-0.12588784526589367,-0.0004551828173588999,0.03513401190973502,0.01723530212830608,1
8,pulled,-0.25,-0.0020580354955897135,-0.12853418803145825,-0.0004551828173588999,0.03513401190973502,0.01723530212830608,1
8,pulled,-0.23299999999999998,-0.0031281124669890956,-0.13288499605083492,-0.0004551828173588999,0.03513401190973502,0.01723530212830608,1
8,pulled,-0.21599999999999997,-0.00014033248061910372,-0.1276470758722461,-0.0004551828173588999,0.03513401190973502,0.01723530212830608,1
8,pulled,-0.19999999999999998,-0.0030122325745107212,-0.1263077748291248,-0.0004551828173588999,0.03513401190973502,0.01723530212830608,1
8,pulled,-0.183,-0.0025301318666440032,-0.13322846979792727,-0.0004551828173588999,0.03513401190973502,0.01723530212830608,1
8,pulled,-0.16599999999999998,0.0006975343534956974,-0.13403868299639216,-0.0004551828173588999,0.03513401190973502,0.01723530212830608,1
8,pulled,-0.15,0.001658072133761884,-0.12828448386610863,-0.0004551828173588999,0.03513401190973502,0.01723530212830608,1
8,pulled,-0.13299999999999998,-0.005094364945582977,-0.13119288426612052,-0.0004551828173588999,0.03513401190973502,0.01723530212830608,1
8,pulled,-0.11599999999999999,-0.004201519262778704,-0.13204345221052283,-0.0004551828173588999,0.03513401190973502,0.01723530212830608,1
8,pulled,-0.09999999999999998,-0.0028359372723370355,-0.1313161580198529,-0.0004551828173588999,0.03513401190973502,0.01723530212830608,1
8,pulled,-0.08299999999999999,0.000711131848253015,-0.12674244454346706,-0.0004551828173588999,0.03513401190973502,0.01723530212830608,1
8,pulled,-0.06599999999999998,-0.0004743016305639625,-0.13452164413874027,-0.0004551828173588999,0.03513401190973502,0.01723530212830608,1
8,pulled,-0.04999999999999999,-0.0012320024729219725,-0.13210594615906834,-0.0004551828173588999,0.03513401190973502,0.01723530212830608,1
8,pulled,-0.032999999999999974,5.886720152759473e-05,-0.12720788578073397,-0.0004551828173588999,0.03513401190973502,0.01723530212830608,1
8,pulled,-0.01599999999999996,-0.0009127399595991101,-0.13252101791957868,-0.0004551828173588999,0.03513401190973502,0.01723530212830608,1
8,flight,0.02039999999999994,0.004765159236104504,-0.12062042600901367,-0.0004551828173588999,0.03513401190973502,0.01723530212830608,1
8,flight,0.037399999999999954,-0.0025953813994259133,-0.103961361328906,-0.0004551828173588999,0.03513401190973502,0.01723530212830608,1
8,flight,0.05439999999999997,0.0016342181783480737,-0.09151291873358007,-0.0004551828173588999,0.03513401190973502,0.01723530212830608,1
8,flight,0.07039999999999999,-0.003729727762035152,-0.07884558651876077,-0.0004551828173588999,0.03513401190973502,0.01723530212830608,1
8,flight,0.0874,-0.003246151401438776,-0.06807894393642694,-0.0004551828173588999,0.03513401190973502,0.01723530212830608,1
8,flight,0.10440000000000002,-0.0041190692686129664,-0.0579634018674431,-0.0004551828173588999,0.03513401190973502,0.01723530212830608,1
8,flight,0.12040000000000003,-0.005011496777459826,-0.047647097164893494,-0.0004551828173588999,0.03513401190973502,0.01723530212830608,1
8,flight,0.13740000000000005,0.0032381542650659354,-0.039580760052824474,-0.0004551828173588999,0.03513401190973502,0.01723530212830608,1
8,flight,0.15440000000000006,-0.0016698829756573803,-0.0307976474593208,-0.0004551828173588999,0.03513401190973502,0.01723530212830608,1
8,flight,0.1874000000000001,-0.003625560140090034,-0.017975347336276013,-0.0004551828173588999,0.03513401190973502,0.01723530212830608,1
8,flight,0.2044000000000001,-0.00784093971381619,-0.012551066836394374,-0.0004551828173588999,0.03513401190973502,0.01723530212830608,1
8,flight,0.22040000000000012,0.0008853527639982521,-0.007565549256519898,-0.0004551828173588999,0.03513401190973502,0.01723530212830608,1
8,flight,0.23740000000000014,-0.0006327122156578414,-0.009446558393625498,-0.0004551828173588999,0.03513401190973502,0.01723530212830608,1
8,flight,0.2544000000000001,0.0004730940785027601,-0.004761790881211486,-0.0004551828173588999,0.03513401190973502,0.01723530212830608,1
8,flight,0.27040000000000014,0.0026487987209718906,-0.0024083654000771754,-0.0004551828173588999,0.03513401190973502,0.01723530212830608,1
8,flight,0.28740000000000016,0.002051263037430342,0.0028433861084458095,-0.0004551828173588999,0.03513401190973502,0.01723530212830608,1
8,flight,0.30440000000000017,-0.0013944683067478164,-0.0018188721028007788,-0.0004551828173588999,0.03513401190973502,0.01723530212830608,1
9,rest,-0.6,-0.017368102735209275,-0.12122705503594512,0.0018675144770603383,-0.0501206774000734,0.023603204297558293,1
9,rest,-0.583,-0.022517611904396793,-0.11942576316581398,0.0018675144770603383,-0.0501206774000734,0.023603204297558293,1
9,rest,-0.566,-0.017076834498961482,-0.1171368622886703,0.0018675144770603383,-0.0501206774000734,0.023603204297558293,1
9,rest,-0.5499999999999999,-0.02430811982625917,-0.120329077255892,0.0018675144770603383,-0.0501206774000734,0.023603204297558293,1
9,rest,-0.5329999999999999,-0.013280776225871566,-0.11594142828563261,0.0018675144770603383,-0.0501206774000734,0.023603204297558293,1
9,rest,-0.516,-0.01946411333633453,-0.11983777866113121,0.0018675144770603383,-0.0501206774000734,0.023603204297558293,1
9,rest,-0.5,-0.018834676927026756,-0.11866068339805279,0.0018675144770603383,-0.0501206774000734,0.023603204297558293,1
9,rest,-0.483,-0.020663981272498654,-0.11849481712825478,0.0018675144770603383,-0.0501206774000734,0.023603204297558293,1
9,rest,-0.46599999999999997,-0.019672522525675785,-0.121884699730552,0.0018675144770603383,-0.0501206774000734,0.023603204297558293,1
9,rest,-0.44999999999999996,-0.021955862060868896,-0.12037284316761336,0.0018675144770603383,-0.0501206774000734,0.023603204297558293,1
9,rest,-0.43299999999999994,-0.021449730292983134,-0.11811739925500418,0.0018675144770603383,-0.0501206774000734,0.023603204297558293,1
9,rest,-0.416,-0.01842877331988071,-0.118070200163662,0.0018675144770603383,-0.0501206774000734,0.023603204297558293,1
9,rest,-0.39999999999999997,-0.01936703216885305,-0.1137964612674606,0.0018675144770603383,-0.0501206774000734,0.023603204297558293,1
9,rest,-0.383,-0.019460858624913206,-0.11439531243295675,0.0018675144770603383,-0.0501206774000734,0.023603204297558293,1
9,rest,-0.366,-0.02181039866724192,-0.12370178936561582,0.0018675144770603383,-0.0501206774000734,0.023603204297558293,1
9,rest,-0.35,-0.01633889021168538,-0.11862664379092926,0.0018675144770603383,-0.0501206774000734,0.023603204297558293,1
9,rest,-0.33299999999999996,-0.01520021403416972,-0.11871264418704462,0.0018675144770603383,-0.0501206774000734,0.023603204297558293,1
9,rest,-0.31599999999999995,-0.018366258458453202,-0.11465268229527793,0.0018675144770603383,-0.0501206774000734,0.023603204297558293,1
9,pulled,-0.3,0.0029178026194137657,-0.1372205293974467,0.0018675144770603383,-0.0501206774000734,0.023603204297558293,1
9,pulled,-0.283,0.0019139782958697193,-0.13695458626646595,0.0018675144770603383,-0.0501206774000734,0.023603204297558293,1
9,pulled,-0.266,0.005860051428924417,-0.1367893038104441,0.0018675144770603383,-0.0501206774000734,0.023603204297558293,1
9,pulled,-0.23299999999999998,0.0024017541551712104,-0.14096184081399496,0.0018675144770603383,-0.0501206774000734,0.023603204297558293,1
9,pulled,-0.21599999999999997,-0.0002895253012722451,-0.1284790103554046,0.0018675144770603383,-0.0501206774000734,0.023603204297558293,1
9,pulled,-0.19999999999999998,0.004275539343510251,-0.12755390521344948,0.0018675144770603383,-0.0501206774000734,0.023603204297558293,1
9,pulled,-0.183,-0.0010728612474778867,-0.1388698706340805,0.0018675144770603383,-0.0501206774000734,0.023603204297558293,1
9,pulled,-0.16599999999999998,0.0027531854671425603,-0.13437976457008033,0.0018675144770603383,-0.0501206774000734,0.023603204297558293,1
9,pulled,-0.15,0.008497821627547081,-0.13606753692661205,0.0018675144770603383,-0.0501206774000734,0.023603204297558293,1
9,pulled,-0.13299999999999998,0.007339483730888142,-0.13676990268682804,0.0018675144770603383,-0.0501206774000734,0.023603204297558293,1
9,pulled,-0.11599999999999999,0.007740244258158608,-0.1306394604607297,0.0018675144770603383,-0.0501206774000734,0.023603204297558293,1
9,pulled,-0.09999999999999998,0.004280425055265029,-0.13477764515002583,0.0018675144770603383,-0.0501206774000734,0.023603204297558293,1
9,pulled,-0.08299999999999999,0.004710490891436546,-0.13464132267814466,0.0018675144770603383,-0.0501206774000734,0.023603204297558293,1
9,pulled,-0.06599999999999998,-0.0010966623053100333,-0.13553476755401705,0.0018675144770603383,-0.0501206774000734,0.023603204297558293,1
9,pulled,-0.04999999999999999,0.001510472829071155,-0.13693786495624147,0.0018675144770603383,-0.0501206774000734,0.023603204297558293,1
9,pulled,-0.032999999999999974,0.0023227026844986178,-0.1366917214087258,0.0018675144770603383,-0.0501206774000734,0.023603204297558293,1
9,pulled,-0.01599999999999996,0.00393868871485578,-0.13146558400873326,0.0018675144770603383,-0.0501206774000734,0.023603204297558293,1
9,flight,0.01999999999999994,0.0034226457918009297,-0.12289110134794931,0.0018675144770603383,-0.0501206774000734,0.023603204297558293,1
9,flight,0.03699999999999996,0.0007340095542758495,-0.09555126932627983,0.0018675144770603383,-0.0501206774000734,0.023603204297558293,1
9,flight,0.05399999999999997,0.00024224266625377756,-0.08329711562793891,0.0018675144770603383,-0.0501206774000734,0.023603204297558293,1
9,flight,0.06999999999999998,0.0007396877811739462,-0.06523319352288198,0.0018675144770603383,-0.0501206774000734,0.023603204297558293,1
9,flight,0.087,0.0037911948558668786,-0.04795336582713749,0.0018675144770603383,-0.0501206774000734,0.023603204297558293,1
9,flight,0.10400000000000001,0.0011165363906716044,-0.030907105581130728,0.0018675144770603383,-0.0501206774000734,0.023603204297558293,1
9,flight,0.12000000000000002,0.0023277648936326145,-0.023238603372063585,0.0018675144770603383,-0.0501206774000734,0.023603204297558293,1
9,flight,0.13700000000000004,0.005329526525819053,-0.014411235619910963,0.0018675144770603383,-0.0501206774000734,0.023603204297558293,1
9,flight,0.15400000000000005,0.005942264109131739,-7.666378052917768e-05,0.0018675144770603383,-0.0501206774000734,0.023603204297558293,1
9,flight,0.17000000000000007,-0.005406275705249038,0.007402450354017012,0.0018675144770603383,-0.0501206774000734,0.023603204297558293,1
9,flight,0.18700000000000008,0.0011613257515749762,0.01269874337194381,0.0018675144770603383,-0.0501206774000734,0.023603204297558293,1
9,flight,0.2040000000000001,0.008811251077568484,0.023680521166232666,0.0018675144770603383,-0.0501206774000734,0.023603204297558293,1
9,flight,0.2200000000000001,0.009985305920408857,0.0266840648076366,0.0018675144770603383,-0.0501206774000734,0.023603204297558293,1
9,flight,0.23700000000000013,0.015045806247658859,0.03115487128328915,0.0018675144770603383,-0.0501206774000734,0.023603204297558293,1
9,flight,0.25400000000000017,0.01095002403833467,0.03905670056349341,0.0018675144770603383,-0.0501206774000734,0.023603204297558293,1
9,flight,0.2870000000000002,0.012381355589740755,0.04574236712160754,0.0018675144770603383,-0.0501206774000734,0.023603204297558293,1
9,flight,0.3040000000000002,0.011278127252732254,0.046482809818225154,0.0018675144770603383,-0.0501206774000734,0.023603204297558293,1
9,flight,0.32000000000000023,0.015740169488929666,0.05184710384780677,0.0018675144770603383,-0.0501206774000734,0.023603204297558293,1
9,flight,0.33700000000000024,0.016898027103228012,0.051715099748860655,0.0018675144770603383,-0.0501206774000734,0.023603204297558293,1
9,flight,0.35400000000000026,0.01493318062557421,0.05356589904550271,0.0018675144770603383,-0.0501206774000734,0.023603204297558293,1
9,flight,0.3700000000000003,0.021425518121206858,0.054619187553936,0.0018675144770603383,-0.0501206774000734,0.023603204297558293,1
10,rest,-0.6,0.019365936320841014,-0.1197037652022175,0.0016361513470479667,-0.052326076434282644,0.01733087585341897,1
10,rest,-0.583,0.019590291475853477,-0.11747745507555572,0.0016361513470479667,-0.052326076434282644,0.01733087585341897,1
10,rest,-0.566,0.026534884285953818,-0.12269940863258513,0.0016361513470479667,-0.052326076434282644,0.01733087585341897,1
10,rest,-0.5499999999999999,0.022849707510040604,-0.11416971171222123,0.0016361513470479667,-0.052326076434282644,0.01733087585341897,1
10,rest,-0.5329999999999999,0.02443385265143672,-0.1190631069913339,0.0016361513470479667,-0.052326076434282644,0.01733087585341897,1
10,rest,-0.516,0.019006954577466463,-0.116588508895887,0.0016361513470479667,-0.052326076434282644,0.01733087585341897,1
10,rest,-0.5,0.018272991101571243,-0.11703210851644616,0.0016361513470479667,-0.052326076434282644,0.01733087585341897,1
10,rest,-0.483,0.01731899758225062,-0.1125746409522872,0.0016361513470479667,-0.052326076434282644,0.01733087585341897,1
10,rest,-0.46599999999999997,0.02120495120376281,-0.12114459086591371,0.0016361513470479667,-0.052326076434282644,0.01733087585341897,1
10,rest,-0.44999999999999996,0.021169945535020163,-0.11716581351655872,0.0016361513470479667,-0.052326076434282644,0.01733087585341897,1
10,rest,-0.43299999999999994,0.020537710490593986,-0.11660016182256885,0.0016361513470479667,-0.052326076434282644,0.01733087585341897,1
10,rest,-0.416,0.02329178667992481,-0.11443135389113303,0.0016361513470479667,-0.052326076434282644,0.01733087585341897,1
10,rest,-0.39999999999999997,0.018895985929005536,-0.11863510209343826,0.0016361513470479667,-0.052326076434282644,0.01733087585341897,1
10,rest,-0.383,0.01883505134671623,-0.12101404967454808,0.0016361513470479667,-0.052326076434282644,0.01733087585341897,1
10,rest,-0.35,0.018550066157513426,-0.12106864512106606,0.0016361513470479667,-0.052326076434282644,0.01733087585341897,1
10,rest,-0.33299999999999996,0.02483435561277931,-0.11069244518799262,0.0016361513470479667,-0.052326076434282644,0.01733087585341897,1
10,rest,-0.31599999999999995,0.01801544177290925,-0.11545669817650805,0.0016361513470479667,-0.052326076434282644,0.01733087585341897,1
10,pulled,-0.3,-0.0009790976379291335,-0.12804977606670295,0.0016361513470479667,-0.052326076434282644,0.01733087585341897,1
10,pulled,-0.283,-0.0009103271571512522,-0.1305208946579973,0.0016361513470479667,-0.052326076434282644,0.01733087585341897,1
10,pulled,-0.266,-0.0002769472532934805,-0.1296273465999541,0.0016361513470479667,-0.052326076434282644,0.01733087585341897,1
10,pulled,-0.25,0.0017048437131973054,-0.13212832838557745,0.0016361513470479667,-0.052326076434282644,0.01733087585341897,1
10,pulled,-0.23299999999999998,-0.006749362396781033,-0.13504061479647647,0.0016361513470479667,-0.052326076434282644,0.01733087585341897,1
10,pulled,-0.21599999999999997,0.002644368188000942,-0.133458801733879,0.0016361513470479667,-0.052326076434282644,0.01733087585341897,1
10,pulled,-0.19999999999999998,0.0028047347982184403,-0.1323322543604891,0.0016361513470479667,-0.052326076434282644,0.01733087585341897,1
10,pulled,-0.183,0.004459537184095162,-0.12990718326170023,0.0016361513470479667,-0.052326076434282644,0.01733087585341897,1
10,pulled,-0.16599999999999998,0.0022692525427401634,-0.1326844639361207,0.0016361513470479667,-0.052326076434282644,0.01733087585341897,1
10,pulled,-0.15,0.0033065326332008572,-0.13314382356787816,0.0016361513470479667,-0.052326076434282644,0.01733087585341897,1
10,pulled,-0.13299999999999998,-0.008206343380968045,-0.12905162321506294,0.0016361513470479667,-0.052326076434282644,0.01733087585341897,1
10,pulled,-0.11599999999999999,0.008404671382503453,-0.12963052007821088,0.0016361513470479667,-0.052326076434282644,0.01733087585341897,1
10,pulled,-0.09999999999999998,0.004227847549540069,-0.13304634279516464,0.0016361513470479667,-0.052326076434282644,0.01733087585341897,1
10,pulled,-0.08299999999999999,-2.6712909790196546e-05,-0.13068947446932994,0.0016361513470479667,-0.052326076434282644,0.01733087585341897,1
10,pulled,-0.06599999999999998,0.0021424262460927627,-0.1329125568650425,0.0016361513470479667,-0.052326076434282644,0.01733087585341897,1
10,pulled,-0.04999999999999999,0.0027134872717599454,-0.1324795201773705,0.0016361513470479667,-0.052326076434282644,0.01733087585341897,1
10,pulled,-0.032999999999999974,0.002285176928049875,-0.13157957724880623,0.0016361513470479667,-0.052326076434282644,0.01733087585341897,1
10,pulled,-0.01599999999999996,0.0006816221058546768,-0.1320515522734243,0.0016361513470479667,-0.052326076434282644,0.01733087585341897,1
10,flight,0.02049999999999994,0.00041376924878137845,-0.11750007423762679,0.0016361513470479667,-0.052326076434282644,0.01733087585341897,1
10,flight,0.03749999999999995,0.005035725073226885,-0.10111538931712455,0.0016361513470479667,-0.052326076434282644,0.01733087585341897,1
10,flight,0.054499999999999965,0.0022946879085220103,-0.09332983254070451,0.0016361513470479667,-0.052326076434282644,0.01733087585341897,1
10,flight,0.07049999999999998,3.0097231501529623e-05,-0.07697473956755037,0.0016361513470479667,-0.052326076434282644,0.01733087585341897,1
10,flight,0.0875,-0.0036912998295507557,-0.07484422980792452,0.0016361513470479667,-0.052326076434282644,0.01733087585341897,1
10,flight,0.10450000000000001,0.0049296373472423475,-0.06107047247027561,0.0016361513470479667,-0.052326076434282644,0.01733087585341897,1
10,flight,0.12050000000000002,0.0007797470660901927,-0.0467794932883735,0.0016361513470479667,-0.052326076434282644,0.01733087585341897,1
10,flight,0.13750000000000004,0.0023805842873763673,-0.04025752243568842,0.0016361513470479667,-0.052326076434282644,0.01733087585341897,1
10,flight,0.15450000000000005,0.0037445520478890824,-0.03230910892042482,0.0016361513470479667,-0.052326076434282644,0.01733087585341897,1
10,flight,0.17050000000000007,0.003270035556324542,-0.026992002775986373,0.0016361513470479667,-0.052326076434282644,0.01733087585341897,1
10,flight,0.18750000000000008,0.0013379587516913248,-0.021455981265002,0.0016361513470479667,-0.052326076434282644,0.01733087585341897,1
10,flight,0.2045000000000001,-0.0013786476409309517,-0.011382710607184246,0.0016361513470479667,-0.052326076434282644,0.01733087585341897,1
10,flight,0.2205000000000001,0.0035420624140348597,-0.008993829283891811,0.0016361513470479667,-0.052326076434282644,0.01733087585341897,1
10,flight,0.23750000000000013,-0.0016013881266479634,-0.004232617134854923,0.0016361513470479667,-0.052326076434282644,0.01733087585341897,1
10,flight,0.25450000000000017,0.0011290816368332765,0.004158551329188607,0.0016361513470479667,-0.052326076434282644,0.01733087585341897,1
10,flight,0.2705000000000002,-0.0008881961670190871,0.0012503332629169705,0.0016361513470479667,-0.052326076434282644,0.01733087585341897,1
10,flight,0.2875000000000002,-0.001054006627906166,0.010136275234690911,0.0016361513470479667,-0.052326076434282644,0.01733087585341897,1
10,flight,0.3045000000000002,0.00500517475756241,0.013334817826935439,0.0016361513470479667,-0.052326076434282644,0.01733087585341897,1
10,flight,0.32050000000000023,0.0015024302530063387,0.01685604605388635,0.0016361513470479667,-0.052326076434282644,0.01733087585341897,1
10,flight,0.33750000000000024,-0.004648410203937429,0.015203539272831105,0.0016361513470479667,-0.052326076434282644,0.01733087585341897,1
10,flight,0.35450000000000026,-0.004337080680124762,0.017232420856731524,0.0016361513470479667,-0.052326076434282644,0.01733087585341897,1
11,rest,-0.6,0.015424014967518407,-0.11918213628555921,-0.0002842397656568463,-0.0235849813755495,0.02221270186257413,1
11,rest,-0.583,0.015692911177048418,-0.11630343492391973,-0.0002842397656568463,-0.0235849813755495,0.02221270186257413,1
11,rest,-0.566,0.012470917632595165,-0.1210916519525919,-0.0002842397656568463,-0.0235849813755495,0.02221270186257413,1
11,rest,-0.5499999999999999,0.017772138266055587,-0.12159395652245551,-0.0002842397656568463,-0.0235849813755495,0.02221270186257413,1
11,rest,-0.5329999999999999,0.013625383854911636,-0.11563041634092008,-0.0002842397656568463,-0.0235849813755495,0.02221270186257413,1
11,rest,-0.516,0.022689840699271505,-0.11817762270777774,-0.0002842397656568463,-0.0235849813755495,0.02221270186257413,1
11,rest,-0.5,0.02161957201465875,-0.1113738788750962,-0.0002842397656568463,-0.0235849813755495,0.02221270186257413,1
11,rest,-0.483,0.0157997461946593,-0.12059287046582927,-0.0002842397656568463,-0.0235849813755495,0.02221270186257413,1
11,rest,-0.46599999999999997,0.0203740953923732,-0.11546559986898988,-0.0002842397656568463,-0.0235849813755495,0.02221270186257413,1
11,rest,-0.44999999999999996,0.01497359749907652,-0.11670890251460568,-0.0002842397656568463,-0.0235849813755495,0.02221270186257413,1
11,rest,-0.43299999999999994,0.018917808669503815,-0.11815722805465205,-0.0002842397656568463,-0.0235849813755495,0.02221270186257413,1
11,rest,-0.416,0.021610897762503946,-0.12313954785332945,-0.0002842397656568463,-0.0235849813755495,0.02221270186257413,1
11,rest,-0.39999999999999997,0.01678533496658199,-0.12105209741231034,-0.0002842397656568463,-0.0235849813755495,0.02221270186257413,1
11,rest,-0.383,0.015291675917014587,-0.12142171735055685,-0.0002842397656568463,-0.0235849813755495,0.02221270186257413,1
11,rest,-0.366,0.02231435993632693,-0.12310373967427118,-0.0002842397656568463,-0.0235849813755495,0.02221270186257413,1
11,rest,-0.35,0.013156131521703234,-0.12126419043990924,-0.0002842397656568463,-0.0235849813755495,0.02221270186257413,1
11,rest,-0.33299999999999996,0.0142714047047764,-0.116718867439809,-0.0002842397656568463,-0.0235849813755495,0.02221270186257413,1
11,rest,-0.31599999999999995,0.020397385628519806,-0.11188989369586305,-0.0002842397656568463,-0.0235849813755495,0.02221270186257413,1
11,pulled,-0.3,-0.00113284887610987,-0.13657106550512707,-0.0002842397656568463,-0.0235849813755495,0.02221270186257413,1
11,pulled,-0.283,0.0015200483904911897,-0.13295863860135315,-0.0002842397656568463,-0.0235849813755495,0.02221270186257413,1
11,pulled,-0.266,0.004305072468769684,-0.13557306368069663,-0.0002842397656568463,-0.0235849813755495,0.02221270186257413,1
11,pulled,-0.25,-0.0023597756811329926,-0.13275422566465714,-0.0002842397656568463,-0.0235849813755495,0.02221270186257413,1
11,pulled,-0.23299999999999998,0.00031837134926881365,-0.14121718107950126,-0.0002842397656568463,-0.0235849813755495,0.02221270186257413,1
11,pulled,-0.21599999999999997,0.002089783420599638,-0.1360100077391991,-0.0002842397656568463,-0.0235849813755495,0.02221270186257413,1
11,pulled,-0.19999999999999998,0.0018476298205199703,-0.14021632787012905,-0.0002842397656568463,-0.0235849813755495,0.02221270186257413,1
11,pulled,-0.183,-0.005371134182403225,-0.13447153239001175,-0.0002842397656568463,-0.0235849813755495,0.02221270186257413,1
11,pulled,-0.16599999999999998,-0.0011958830735956,-0.13335670376800338,-0.0002842397656568463,-0.0235849813755495,0.02221270186257413,1
11,pulled,-0.15,-0.0012852350174929847,-0.1360312874366608,-0.0002842397656568463,-0.0235849813755495,0.02221270186257413,1
11,pulled,-0.13299999999999998,0.0012293812374031521,-0.13295668434798427,-0.0002842397656568463,-0.0235849813755495,0.02221270186257413,1
11,pulled,-0.11599999999999999,-0.0013980253350869797,-0.13792906006488145,-0.0002842397656568463,-0.0235849813755495,0.02221270186257413,1
11,pulled,-0.09999999999999998,-0.0036978892871641026,-0.14078459287971115,-0.0002842397656568463,-0.0235849813755495,0.02221270186257413,1
11,pulled,-0.08299999999999999,-0.0023924810061332754,-0.13456515221691417,-0.0002842397656568463,-0.0235849813755495,0.02221270186257413,1
11,pulled,-0.06599999999999998,0.0014294084861852798,-0.13138066086184721,-0.0002842397656568463,-0.0235849813755495,0.02221270186257413,1
11,pulled,-0.04999999999999999,-0.00044076823589889863,-0.13590035977115492,-0.0002842397656568463,-0.0235849813755495,0.02221270186257413,1
11,pulled,-0.032999999999999974,-0.0032690648857650224,-0.13457920557302522,-0.0002842397656568463,-0.0235849813755495,0.02221270186257413,1
11,pulled,-0.01599999999999996,-0.000521873810586661,-0.13307108209070645,-0.0002842397656568463,-0.0235849813755495,0.02221270186257413,1
11,flight,0.02009999999999994,0.003346200352372521,-0.11646967302764065,-0.0002842397656568463,-0.0235849813755495,0.02221270186257413,1
11,flight,0.03709999999999995,0.0038431996240178307,-0.10039534832797863,-0.0002842397656568463,-0.0235849813755495,0.02221270186257413,1
11,flight,0.05409999999999997,0.0036298550297121437,-0.07957394692719631,-0.0002842397656568463,-0.0235849813755495,0.02221270186257413,1
11,flight,0.07009999999999998,0.002666448787877737,-0.06792054891118128,-0.0002842397656568463,-0.0235849813755495,0.02221270186257413,1
11,flight,0.0871,-0.0005671876581764692,-0.052836883933111554,-0.0002842397656568463,-0.0235849813755495,0.02221270186257413,1
11,flight,0.10410000000000001,0.0027112095500567298,-0.03193046277796978,-0.0002842397656568463,-0.0235849813755495,0.02221270186257413,1
11,flight,0.12010000000000003,0.005037346504465238,-0.021359221465154194,-0.0002842397656568463,-0.0235849813755495,0.02221270186257413,1
11,flight,0.13710000000000006,-0.001257502728788755,-0.011687516697264925,-0.0002842397656568463,-0.0235849813755495,0.02221270186257413,1
11,flight,0.15410000000000007,0.00571729839174231,0.0034806409613022896,-0.0002842397656568463,-0.0235849813755495,0.02221270186257413,1
11,flight,0.17010000000000008,-9.636469581047742e-05,0.008106228952102593,-0.0002842397656568463,-0.0235849813755495,0.02221270186257413,1
11,flight,0.1871000000000001,-0.0022198711622129267,0.025699045338003986,-0.0002842397656568463,-0.0235849813755495,0.02221270186257413,1
11,flight,0.20410000000000011,-0.003897737980231489,0.02681307638524642,-0.0002842397656568463,-0.0235849813755495,0.02221270186257413,1
11,flight,0.22010000000000013,-0.0028785494176126547,0.04050246596190914,-0.0002842397656568463,-0.0235849813755495,0.02221270186257413,1
11,flight,0.23710000000000014,-0.0007019923377420603,0.04978448104283964,-0.0002842397656568463,-0.0235849813755495,0.02221270186257413,1
11,flight,0.25410000000000016,-0.012120569409676268,0.053934379630364064,-0.0002842397656568463,-0.0235849813755495,0.02221270186257413,1
11,flight,0.2701000000000002,-0.008430696985568944,0.0593162871015718,-0.0002842397656568463,-0.0235849813755495,0.02221270186257413,1
11,flight,0.2871000000000002,-0.014464345007302926,0.06968825740617435,-0.0002842397656568463,-0.0235849813755495,0.02221270186257413,1
11,flight,0.3041000000000002,-0.017427130843672842,0.07432732661114493,-0.0002842397656568463,-0.0235849813755495,0.02221270186257413,1
11,flight,0.3201000000000002,-0.02041143236132833,0.08198032591794253,-0.0002842397656568463,-0.0235849813755495,0.02221270186257413,1
11,flight,0.33710000000000023,-0.011337494503044096,0.08764970397945178,-0.0002842397656568463,-0.0235849813755495,0.02221270186257413,1
11,flight,0.35410000000000025,-0.015274679650150648,0.09469320533859815,-0.0002842397656568463,-0.0235849813755495,0.02221270186257413,1
11,flight,0.37010000000000026,-0.010482717485781511,0.09509391276531964,-0.0002842397656568463,-0.0235849813755495,0.02221270186257413,1
11,flight,0.3871000000000003,-0.016673123002057033,0.09069723429474577,-0.0002842397656568463,-0.0235849813755495,0.02221270186257413,1
11,flight,0.4041000000000003,-0.01840698341333998,0.1015795213562904,-0.0002842397656568463,-0.0235849813755495,0.02221270186257413,1
11,flight,0.4201000000000003,-0.017781884962968612,0.09922797402111186,-0.0002842397656568463,-0.0235849813755495,0.02221270186257413,1
11,flight,0.4371000000000003,-0.016815046043017628,0.10642214219797021,-0.0002842397656568463,-0.0235849813755495,0.02221270186257413,1
12,rest,-0.6,-0.045533194478774804,-0.11600704441177949,0.04369498881461846,-0.022669179718090928,0.02599307057201131,0
12,rest,-0.583,-0.031349516690966396,-0.12144366610389873,0.04369498881461846,-0.022669179718090928,0.02599307057201131,0
12,rest,-0.5499999999999999,-0.037695866658104024,-0.1170279700683322,0.04369498881461846,-0.022669179718090928,0.02599307057201131,0
12,rest,-0.5329999999999999,-0.038743285237552036,-0.11989866311317791,0.04369498881461846,-0.022669179718090928,0.02599307057201131,0
12,rest,-0.516,-0.03915794493930475,-0.11545730164063112,0.04369498881461846,-0.022669179718090928,0.02599307057201131,0
12,rest,-0.5,-0.03648675249232781,-0.12211083318163546,0.04369498881461846,-0.022669179718090928,0.02599307057201131,0
12,rest,-0.483,-0.03765351310623634,-0.11273136922079205,0.04369498881461846,-0.022669179718090928,0.02599307057201131,0
12,rest,-0.46599999999999997,-0.03933142242119329,-0.11722649998558571,0.04369498881461846,-0.022669179718090928,0.02599307057201131,0
12,rest,-0.44999999999999996,-0.03970527348575828,-0.11709100479858014,0.04369498881461846,-0.022669179718090928,0.02599307057201131,0
12,rest,-0.43299999999999994,-0.04393599751572148,-0.11617757078326194,0.04369498881461846,-0.022669179718090928,0.02599307057201131,0
12,rest,-0.416,-0.03967092757388563,-0.1150961699160702,0.04369498881461846,-0.022669179718090928,0.02599307057201131,0
12,rest,-0.39999999999999997,-0.03940224217608335,-0.11897044261560857,0.04369498881461846,-0.022669179718090928,0.02599307057201131,0
12,rest,-0.383,-0.0424835453103936,-0.12230356046697198,0.04369498881461846,-0.022669179718090928,0.02599307057201131,0
12,rest,-0.366,-0.0324990165130966,-0.1156163458499293,0.04369498881461846,-0.022669179718090928,0.02599307057201131,0
12,rest,-0.35,-0.04014899489549786,-0.11428244571498658,0.04369498881461846,-0.022669179718090928,0.02599307057201131,0
12,rest,-0.33299999999999996,-0.0428152201508867,-0.11510911846644593,0.04369498881461846,-0.022669179718090928,0.02599307057201131,0
12,rest,-0.31599999999999995,-0.03824716893238319,-0.11639316779777405,0.04369498881461846,-0.022669179718090928,0.02599307057201131,0
12,pulled,-0.3,0.04472615209195201,-0.14277927177036545,0.04369498881461846,-0.022669179718090928,0.02599307057201131,0
12,pulled,-0.283,0.04706088982927073,-0.13001013081288668,0.04369498881461846,-0.022669179718090928,0.02599307057201131,0
12,pulled,-0.266,0.049503675921832954,-0.14298095930213472,0.04369498881461846,-0.022669179718090928,0.02599307057201131,0
12,pulled,-0.25,0.04195765153021473,-0.1388913441769813,0.04369498881461846,-0.022669179718090928,0.02599307057201131,0
12,pulled,-0.23299999999999998,0.04625445868336851,-0.13944412680953625,0.04369498881461846,-0.022669179718090928,0.02599307057201131,0
12,pulled,-0.21599999999999997,0.041037808781031936,-0.13544278160822165,0.04369498881461846,-0.022669179718090928,0.02599307057201131,0
12,pulled,-0.19999999999999998,0.04600456857654271,-0.14190358575697587,0.04369498881461846,-0.022669179718090928,0.02599307057201131,0
12,pulled,-0.183,0.04161723873253722,-0.13312184179923994,0.04369498881461846,-0.022669179718090928,0.02599307057201131,0
12,pulled,-0.16599999999999998,0.050557148437824904,-0.13739063531227896,0.04369498881461846,-0.022669179718090928,0.02599307057201131,0
12,pulled,-0.15,0.049501727108534246,-0.13528142358317524,0.04369498881461846,-0.022669179718090928,0.02599307057201131,0
12,pulled,-0.13299999999999998,0.0429734591709124,-0.13333801794157543,0.04369498881461846,-0.022669179718090928,0.02599307057201131,0
12,pulled,-0.11599999999999999,0.04239154075194958,-0.13245266192757682,0.04369498881461846,-0.022669179718090928,0.02599307057201131,0
12,pulled,-0.09999999999999998,0.047290392894290906,-0.13648837379047588,0.04369498881461846,-0.022669179718090928,0.02599307057201131,0
12,pulled,-0.08299999999999999,0.04024172652985711,-0.13392362215448317,0.04369498881461846,-0.022669179718090928,0.02599307057201131,0
12,pulled,-0.06599999999999998,0.04767181773076301,-0.1367108325273619,0.04369498881461846,-0.022669179718090928,0.02599307057201131,0
12,pulled,-0.04999999999999999,0.04614864399927603,-0.13667687197576228,0.04369498881461846,-0.022669179718090928,0.02599307057201131,0
12,pulled,-0.032999999999999974,0.04939277710934357,-0.13993294066704998,0.04369498881461846,-0.022669179718090928,0.02599307057201131,0
12,pulled,-0.01599999999999996,0.04551963008503234,-0.13636307166017894,0.04369498881461846,-0.022669179718090928,0.02599307057201131,0
12,flight,0.017499999999999957,0.041080585315916324,-0.11495427099482024,0.04369498881461846,-0.022669179718090928,0.02599307057201131,0
12,flight,0.034499999999999975,0.041783412562077335,-0.09360555837161853,0.04369498881461846,-0.022669179718090928,0.02599307057201131,0
12,flight,0.05149999999999999,0.03945663794490535,-0.07024010374897449,0.04369498881461846,-0.022669179718090928,0.02599307057201131,0
12,flight,0.0675,0.040620073198939295,-0.05213884002570792,0.04369498881461846,-0.022669179718090928,0.02599307057201131,0
12,flight,0.08450000000000002,0.04049425227767651,-0.0282782124149236,0.04369498881461846,-0.022669179718090928,0.02599307057201131,0
12,flight,0.10150000000000003,0.04401204940721454,-0.028032361252795734,0.04369498881461846,-0.022669179718090928,0.02599307057201131,0
12,flight,0.11750000000000005,0.037300151825243606,-0.037763619602468185,0.04369498881461846,-0.022669179718090928,0.02599307057201131,0
12,flight,0.13450000000000006,0.03454038446801597,-0.04814080056094269,0.04369498881461846,-0.022669179718090928,0.02599307057201131,0
12,flight,0.15150000000000008,0.03212890955669477,-0.06834294354205046,0.04369498881461846,-0.022669179718090928,0.02599307057201131,0
12,flight,0.1675000000000001,0.035817502195425135,-0.0750730082266848,0.04369498881461846,-0.022669179718090928,0.02599307057201131,0
12,flight,0.1845000000000001,0.026822361694286683,-0.0873451564950746,0.04369498881461846,-0.022669179718090928,0.02599307057201131,0
12,flight,0.20150000000000012,0.030241115543333065,-0.0995035634078471,0.04369498881461846,-0.022669179718090928,0.02599307057201131,0
12,flight,0.21750000000000014,0.030642477573516888,-0.10541429859143732,0.04369498881461846,-0.022669179718090928,0.02599307057201131,0
12,flight,0.23450000000000015,0.032095352989443424,-0.11387419508776493,0.04369498881461846,-0.022669179718090928,0.02599307057201131,0
12,flight,0.25150000000000017,0.027742601458073522,-0.1251670995653706,0.04369498881461846,-0.022669179718090928,0.02599307057201131,0
12,flight,0.2675000000000002,0.02563812855231421,-0.13132533949964711,0.04369498881461846,-0.022669179718090928,0.02599307057201131,0
12,flight,0.2845000000000002,0.023738106220478148,-0.13948296486251707,0.04369498881461846,-0.022669179718090928,0.02599307057201131,0
12,flight,0.3015000000000002,0.023699935690557727,-0.1381874781879455,0.04369498881461846,-0.022669179718090928,0.02599307057201131,0
12,flight,0.3175000000000002,0.023037581194481262,-0.15359437090741831,0.04369498881461846,-0.022669179718090928,0.02599307057201131,0
12,flight,0.33450000000000024,0.028330664675612655,-0.14941088434389285,0.04369498881461846,-0.022669179718090928,0.02599307057201131,0
12,flight,0.35150000000000026,0.018884035900279737,-0.14432184583111837,0.04369498881461846,-0.022669179718090928,0.02599307057201131,0
12,flight,0.36750000000000027,0.024300641616406382,-0.14470016353116363,0.04369498881461846,-0.022669179718090928,0.02599307057201131,0
12,flight,0.3845000000000003,0.02060676594887329,-0.14138416143405705,0.04369498881461846,-0.022669179718090928,0.02599307057201131,0
12,flight,0.4015000000000003,0.02065351282678058,-0.1310038037609372,0.04369498881461846,-0.022669179718090928,0.02599307057201131,0
13,rest,-0.6,0.028017440460654776,-0.1164558061601885,-0.030848579230517318,-0.0592640034697904,0.023398111548971746,0
13,rest,-0.583,0.024506118471358286,-0.11878151883017114,-0.030848579230517318,-0.0592640034697904,0.023398111548971746,0
13,rest,-0.566,0.02806094366263688,-0.11769750608470328,-0.030848579230517318,-0.0592640034697904,0.023398111548971746,0
13,rest,-0.5499999999999999,0.028817452060902717,-0.12018311466809707,-0.030848579230517318,-0.0592640034697904,0.023398111548971746,0
13,rest,-0.5329999999999999,0.028336822120607362,-0.11647309204325025,-0.030848579230517318,-0.0592640034697904,0.023398111548971746,0
13,rest,-0.516,0.025091319958908193,-0.11991362077375566,-0.030848579230517318,-0.0592640034697904,0.023398111548971746,0
13,rest,-0.5,0.029913281296874566,-0.11748856021917149,-0.030848579230517318,-0.0592640034697904,0.023398111548971746,0
13,rest,-0.483,0.027515425022021936,-0.11606041311194253,-0.030848579230517318,-0.0592640034697904,0.023398111548971746,0
13,rest,-0.46599999999999997,0.025731305458166594,-0.11613290446702666,-0.030848579230517318,-0.0592640034697904,0.023398111548971746,0
13,rest,-0.44999999999999996,0.02564350384849333,-0.11934195514959621,-0.030848579230517318,-0.0592640034697904,0.023398111548971746,0
13,rest,-0.43299999999999994,0.028875146423036256,-0.11532866588782786,-0.030848579230517318,-0.0592640034697904,0.023398111548971746,0
13,rest,-0.416,0.03445684116105931,-0.1101161666462966,-0.030848579230517318,-0.0592640034697904,0.023398111548971746,0
13,rest,-0.39999999999999997,0.029023174374763303,-0.12063882401064506,-0.030848579230517318,-0.0592640034697904,0.023398111548971746,0
13,rest,-0.383,0.030594809583021364,-0.11532789786022989,-0.030848579230517318,-0.0592640034697904,0.023398111548971746,0
13,rest,-0.366,0.02748697205064031,-0.12500882195403065,-0.030848579230517318,-0.0592640034697904,0.023398111548971746,0
13,rest,-0.35,0.026039200354554908,-0.12012691755147903,-0.030848579230517318,-0.0592640034697904,0.023398111548971746,0
13,rest,-0.33299999999999996,0.026333858106658156,-0.11381722251823355,-0.030848579230517318,-0.0592640034697904,0.023398111548971746,0
13,rest,-0.31599999999999995,0.026441864173567017,-0.11713150299334932,-0.030848579230517318,-0.0592640034697904,0.023398111548971746,0
13,pulled,-0.3,-0.024599106024258785,-0.13838056740887,-0.030848579230517318,-0.0592640034697904,0.023398111548971746,0
13,pulled,-0.283,-0.024393847001388975,-0.13954237939120598,-0.030848579230517318,-0.0592640034697904,0.023398111548971746,0
13,pulled,-0.266,-0.027548557937485833,-0.13808648444864816,-0.030848579230517318,-0.0592640034697904,0.023398111548971746,0
13,pulled,-0.25,-0.029271996617413865,-0.12979524340501294,-0.030848579230517318,-0.0592640034697904,0.023398111548971746,0
13,pulled,-0.23299999999999998,-0.02778909120449557,-0.13356434244928034,-0.030848579230517318,-0.0592640034697904,0.023398111548971746,0
13,pulled,-0.21599999999999997,-0.028260265610278782,-0.13690792786323924,-0.030848579230517318,-0.0592640034697904,0.023398111548971746,0
13,pulled,-0.19999999999999998,-0.032223103766463146,-0.13614663581924263,-0.030848579230517318,-0.0592640034697904,0.023398111548971746,0
13,pulled,-0.183,-0.02889195557919501,-0.13606141482845793,-0.030848579230517318,-0.0592640034697904,0.023398111548971746,0
13,pulled,-0.16599999999999998,-0.032768417582323184,-0.1358286613459093,-0.030848579230517318,-0.0592640034697904,0.023398111548971746,0
13,pulled,-0.15,-0.030320373660408444,-0.13385236712661633,-0.030848579230517318,-0.0592640034697904,0.023398111548971746,0
13,pulled,-0.13299999999999998,-0.02588405493797795,-0.13640845816809175,-0.030848579230517318,-0.0592640034697904,0.023398111548971746,0
13,pulled,-0.11599999999999999,-0.029335636295351068,-0.1336725536355098,-0.030848579230517318,-0.0592640034697904,0.023398111548971746,0
13,pulled,-0.09999999999999998,-0.027471785481772933,-0.14032299101517004,-0.030848579230517318,-0.0592640034697904,0.023398111548971746,0
13,pulled,-0.06599999999999998,-0.028013228881273,-0.13587557067728342,-0.030848579230517318,-0.0592640034697904,0.023398111548971746,0
13,pulled,-0.04999999999999999,-0.024181734231523186,-0.13841269261354294,-0.030848579230517318,-0.0592640034697904,0.023398111548971746,0
13,pulled,-0.032999999999999974,-0.02907329216195604,-0.13293065674240856,-0.030848579230517318,-0.0592640034697904,0.023398111548971746,0
13,pulled,-0.01599999999999996,-0.0246465075289917,-0.13240987329407325,-0.030848579230517318,-0.0592640034697904,0.023398111548971746,0
13,flight,0.018999999999999947,-0.028193758874811847,-0.11832715830109877,-0.030848579230517318,-0.0592640034697904,0.023398111548971746,0
13,flight,0.03599999999999996,-0.02901276761281366,-0.10150214776532307,-0.030848579230517318,-0.0592640034697904,0.023398111548971746,0
13,flight,0.05299999999999998,-0.029386418330315786,-0.08033395139577422,-0.030848579230517318,-0.0592640034697904,0.023398111548971746,0
13,flight,0.06899999999999999,-0.018299858549127225,-0.058413357833083504,-0.030848579230517318,-0.0592640034697904,0.023398111548971746,0
13,flight,0.08600000000000001,-0.023142793396601725,-0.04739536105123318,-0.030848579230517318,-0.0592640034697904,0.023398111548971746,0
13,flight,0.10300000000000002,-0.02308932236924141,-0.030451499363054413,-0.030848579230517318,-0.0592640034697904,0.023398111548971746,0
13,flight,0.11900000000000004,-0.021678717186116636,-0.026699273256613882,-0.030848579230517318,-0.0592640034697904,0.023398111548971746,0
13,flight,0.13600000000000007,-0.022804548035939957,-0.03142429623746727,-0.030848579230517318,-0.0592640034697904,0.023398111548971746,0
13,flight,0.15300000000000008,-0.02545510996759296,-0.038592839363497916,-0.030848579230517318,-0.0592640034697904,0.023398111548971746,0
13,flight,0.1690000000000001,-0.023117641083224012,-0.04784499449617471,-0.030848579230517318,-0.0592640034697904,0.023398111548971746,0
13,flight,0.1860000000000001,-0.024970730284897606,-0.06450394627103305,-0.030848579230517318,-0.0592640034697904,0.023398111548971746,0
13,flight,0.20300000000000012,-0.025838367313053317,-0.07062440277953175,-0.030848579230517318,-0.0592640034697904,0.023398111548971746,0
13,flight,0.21900000000000014,-0.021587297723656772,-0.08282054526411116,-0.030848579230517318,-0.0592640034697904,0.023398111548971746,0
13,flight,0.23600000000000015,-0.023543735288815218,-0.08931712923890388,-0.030848579230517318,-0.0592640034697904,0.023398111548971746,0
13,flight,0.25300000000000017,-0.022665411078200817,-0.09010945896225553,-0.030848579230517318,-0.0592640034697904,0.023398111548971746,0
13,flight,0.2690000000000002,-0.017459205726615898,-0.10117424991131899,-0.030848579230517318,-0.0592640034697904,0.023398111548971746,0
13,flight,0.2860000000000002,-0.01927287035861657,-0.10785086520743548,-0.030848579230517318,-0.0592640034697904,0.023398111548971746,0
13,flight,0.3030000000000002,-0.01920263802495619,-0.11073562387429936,-0.030848579230517318,-0.0592640034697904,0.023398111548971746,0
13,flight,0.31900000000000023,-0.018708322661482545,-0.11846016488552373,-0.030848579230517318,-0.0592640034697904,0.023398111548971746,0
13,flight,0.33600000000000024,-0.021596067390695233,-0.12175390293209552,-0.030848579230517318,-0.0592640034697904,0.023398111548971746,0
13,flight,0.35300000000000026,-0.01700520166984295,-0.12444662987749631,-0.030848579230517318,-0.0592640034697904,0.023398111548971746,0
13,flight,0.36900000000000027,-0.018750876222223125,-0.11915488680341409,-0.030848579230517318,-0.0592640034697904,0.023398111548971746,0
13,flight,0.3860000000000003,-0.017499666078934054,-0.11752619859966566,-0.030848579230517318,-0.0592640034697904,0.023398111548971746,0
13,flight,0.4030000000000003,-0.023106614113293178,-0.12676986113334626,-0.030848579230517318,-0.0592640034697904,0.023398111548971746,0
14,rest,-0.6,0.04104817786096546,-0.11560563071007614,-0.044476128660050185,-0.09410991824897802,0.026080006650804403,0
14,rest,-0.583,0.04801168715052338,-0.11542967233160817,-0.044476128660050185,-0.09410991824897802,0.026080006650804403,0
14,rest,-0.566,0.051006271803423424,-0.12243938702824139,-0.044476128660050185,-0.09410991824897802,0.026080006650804403,0
14,rest,-0.5499999999999999,0.04377678235590876,-0.11901493499913086,-0.044476128660050185,-0.09410991824897802,0.026080006650804403,0
14,rest,-0.5329999999999999,0.0414705217702208,-0.11564299128718805,-0.044476128660050185,-0.09410991824897802,0.026080006650804403,0
14,rest,-0.516,0.04384608391002831,-0.12130930557732283,-0.044476128660050185,-0.09410991824897802,0.026080006650804403,0
14,rest,-0.5,0.0477902374537835,-0.12382280122536689,-0.044476128660050185,-0.09410991824897802,0.026080006650804403,0
14,rest,-0.483,0.04393100567719184,-0.11115844690140923,-0.044476128660050185,-0.09410991824897802,0.026080006650804403,0
14,rest,-0.46599999999999997,0.049417795487608024,-0.1159413815463663,-0.044476128660050185,-0.09410991824897802,0.026080006650804403,0
14,rest,-0.44999999999999996,0.042531217281436356,-0.1190548392170036,-0.044476128660050185,-0.09410991824897802,0.026080006650804403,0
14,rest,-0.43299999999999994,0.04940131383527905,-0.11506933949463638,-0.044476128660050185,-0.09410991824897802,0.026080006650804403,0
14,rest,-0.416,0.0482869458383785,-0.11783559144585089,-0.044476128660050185,-0.09410991824897802,0.026080006650804403,0
14,rest,-0.39999999999999997,0.048918939624696206,-0.1135168475069426,-0.044476128660050185,-0.09410991824897802,0.026080006650804403,0
14,rest,-0.383,0.048661070806349585,-0.11461287550390166,-0.044476128660050185,-0.09410991824897802,0.026080006650804403,0
14,rest,-0.366,0.043573969087512876,-0.11775489722471559,-0.044476128660050185,-0.09410991824897802,0.026080006650804403,0
14,rest,-0.35,0.05020984014829721,-0.11569039698641632,-0.044476128660050185,-0.09410991824897802,0.026080006650804403,0
14,rest,-0.33299999999999996,0.04752061673058357,-0.11854443711384886,-0.044476128660050185,-0.09410991824897802,0.026080006650804403,0
14,rest,-0.31599999999999995,0.04926957650220765,-0.1207835635003043,-0.044476128660050185,-0.09410991824897802,0.026080006650804403,0
14,pulled,-0.3,-0.042021074129256805,-0.13490740879731702,-0.044476128660050185,-0.09410991824897802,0.026080006650804403,0
14,pulled,-0.283,-0.04297922839585172,-0.13809380825833054,-0.044476128660050185,-0.09410991824897802,0.026080006650804403,0
14,pulled,-0.266,-0.0460853773495215,-0.13585055392860299,-0.044476128660050185,-0.09410991824897802,0.026080006650804403,0
14,pulled,-0.25,-0.04251321428141197,-0.13073380924778008,-0.044476128660050185,-0.09410991824897802,0.026080006650804403,0
14,pulled,-0.23299999999999998,-0.04320371201936959,-0.14084424129167122,-0.044476128660050185,-0.09410991824897802,0.026080006650804403,0
14,pulled,-0.21599999999999997,-0.04171653951598661,-0.13826010003047481,-0.044476128660050185,-0.09410991824897802,0.026080006650804403,0
14,pulled,-0.19999999999999998,-0.040384657175125516,-0.13893444751152315,-0.044476128660050185,-0.09410991824897802,0.026080006650804403,0
14,pulled,-0.183,-0.03769382757405937,-0.13614691130607043,-0.044476128660050185,-0.09410991824897802,0.026080006650804403,0
14,pulled,-0.16599999999999998,-0.035853586738954064,-0.1350229918440731,-0.044476128660050185,-0.09410991824897802,0.026080006650804403,0
14,pulled,-0.15,-0.040640728504413984,-0.13568281700373314,-0.044476128660050185,-0.09410991824897802,0.026080006650804403,0
14,pulled,-0.13299999999999998,-0.03755481929551711,-0.13525088287451809,-0.044476128660050185,-0.09410991824897802,0.026080006650804403,0
14,pulled,-0.11599999999999999,-0.043393864415791676,-0.13940350133803797,-0.044476128660050185,-0.09410991824897802,0.026080006650804403,0
14,pulled,-0.09999999999999998,-0.04179818034420248,-0.13514588917947962,-0.044476128660050185,-0.09410991824897802,0.026080006650804403,0
14,pulled,-0.08299999999999999,-0.04317734886664181,-0.1331519510912484,-0.044476128660050185,-0.09410991824897802,0.026080006650804403,0
14,pulled,-0.06599999999999998,-0.041710329776475964,-0.14119265555810026,-0.044476128660050185,-0.09410991824897802,0.026080006650804403,0
14,pulled,-0.04999999999999999,-0.04454543392088509,-0.13638748273993692,-0.044476128660050185,-0.09410991824897802,0.026080006650804403,0
14,pulled,-0.032999999999999974,-0.03778220494729097,-0.1339766624442237,-0.044476128660050185,-0.09410991824897802,0.026080006650804403,0
14,pulled,-0.01599999999999996,-0.04354754926634963,-0.13771174987895402,-0.044476128660050185,-0.09410991824897802,0.026080006650804403,0
14,flight,0.017999999999999954,-0.0391428969545842,-0.11700707666722493,-0.044476128660050185,-0.09410991824897802,0.026080006650804403,0
14,flight,0.03499999999999997,-0.03860051917052945,-0.09538526416088726,-0.044476128660050185,-0.09410991824897802,0.026080006650804403,0
14,flight,0.051999999999999984,-0.03513750127348403,-0.07100804895263,-0.044476128660050185,-0.09410991824897802,0.026080006650804403,0
14,flight,0.068,-0.036826230520189296,-0.053394913922669755,-0.044476128660050185,-0.09410991824897802,0.026080006650804403,0
14,flight,0.08500000000000002,-0.03061433364968592,-0.03379950286123497,-0.044476128660050185,-0.09410991824897802,0.026080006650804403,0
14,flight,0.10200000000000004,-0.03446787585563473,-0.022079645336389224,-0.044476128660050185,-0.09410991824897802,0.026080006650804403,0
14,flight,0.11800000000000005,-0.031637516899295816,-0.034596495971739555,-0.044476128660050185,-0.09410991824897802,0.026080006650804403,0
14,flight,0.13500000000000006,-0.022648599431987146,-0.05077866647042933,-0.044476128660050185,-0.09410991824897802,0.026080006650804403,0
14,flight,0.15200000000000008,-0.030073503897859708,-0.06331596667606026,-0.044476128660050185,-0.09410991824897802,0.026080006650804403,0
14,flight,0.1680000000000001,-0.03140368269814838,-0.0712008351437404,-0.044476128660050185,-0.09410991824897802,0.026080006650804403,0
14,flight,0.1850000000000001,-0.025938020388276754,-0.08602691249091515,-0.044476128660050185,-0.09410991824897802,0.026080006650804403,0
14,flight,0.20200000000000012,-0.02195451704185091,-0.0924929010233082,-0.044476128660050185,-0.09410991824897802,0.026080006650804403,0
14,flight,0.21800000000000014,-0.028249425945403386,-0.1069142820920156,-0.044476128660050185,-0.09410991824897802,0.026080006650804403,0
14,flight,0.23500000000000015,-0.01726407368887605,-0.11176880220810456,-0.044476128660050185,-0.09410991824897802,0.026080006650804403,0
14,flight,0.25200000000000017,-0.022594946942323745,-0.12023694923326311,-0.044476128660050185,-0.09410991824897802,0.026080006650804403,0
14,flight,0.2680000000000002,-0.023120087571839344,-0.12803851409398442,-0.044476128660050185,-0.09410991824897802,0.026080006650804403,0
14,flight,0.2850000000000002,-0.023531956629649933,-0.13773687839474166,-0.044476128660050185,-0.09410991824897802,0.026080006650804403,0
14,flight,0.3020000000000002,-0.020798001084603845,-0.14186900028366034,-0.044476128660050185,-0.09410991824897802,0.026080006650804403,0
14,flight,0.3180000000000002,-0.02511411514466187,-0.14749196273002307,-0.044476128660050185,-0.09410991824897802,0.026080006650804403,0
14,flight,0.33500000000000024,-0.022701533689863163,-0.1531692645239118,-0.044476128660050185,-0.09410991824897802,0.026080006650804403,0
14,flight,0.35200000000000026,-0.015912848899127988,-0.14835607711193688,-0.044476128660050185,-0.09410991824897802,0.026080006650804403,0
14,flight,0.36800000000000027,-0.01987447152172121,-0.14233507570254889,-0.044476128660050185,-0.09410991824897802,0.026080006650804403,0
14,flight,0.3850000000000003,-0.018432074489986953,-0.14016517827488095,-0.044476128660050185,-0.09410991824897802,0.026080006650804403,0
14,flight,0.4020000000000003,-0.015395371160794416,-0.1414983755740875,-0.044476128660050185,-0.09410991824897802,0.026080006650804403,0
14,flight,0.4180000000000003,-0.013432998392169267,-0.14120299075792947,-0.044476128660050185,-0.09410991824897802,0.026080006650804403,0
15,rest,-0.6,-0.02077023341744457,-0.11723177425516128,-0.03278971380197002,0.06611710238420179,0.022420944021447967,0
15,rest,-0.583,-0.0269689520010918,-0.11638297383345209,-0.03278971380197002,0.06611710238420179,0.022420944021447967,0
15,rest,-0.566,-0.024307882777365706,-0.11383879696178703,-0.03278971380197002,0.06611710238420179,0.022420944021447967,0
15,rest,-0.5499999999999999,-0.03138215328216447,-0.11956872228725715,-0.03278971380197002,0.06611710238420179,0.022420944021447967,0
15,rest,-0.5329999999999999,-0.027753587707063546,-0.11660606860338019,-0.03278971380197002,0.06611710238420179,0.022420944021447967,0
15,rest,-0.516,-0.02086296518323481,-0.11976673247061662,-0.03278971380197002,0.06611710238420179,0.022420944021447967,0
15,rest,-0.5,-0.029465074734527554,-0.11907738377351675,-0.03278971380197002,0.06611710238420179,0.022420944021447967,0
15,rest,-0.483,-0.026170473593478506,-0.11971784460110835,-0.03278971380197002,0.06611710238420179,0.022420944021447967,0
15,rest,-0.46599999999999997,-0.02640674700453548,-0.11578996428614753,-0.03278971380197002,0.06611710238420179,0.022420944021447967,0
15,rest,-0.44999999999999996,-0.021955356583094283,-0.11551908899441088,-0.03278971380197002,0.06611710238420179,0.022420944021447967,0
15,rest,-0.43299999999999994,-0.027572085270850366,-0.11671657623953038,-0.03278971380197002,0.06611710238420179,0.022420944021447967,0
15,rest,-0.416,-0.025376900970946355,-0.11541397161808133,-0.03278971380197002,0.06611710238420179,0.022420944021447967,0
15,rest,-0.383,-0.028478915654481622,-0.12149233431488958,-0.03278971380197002,0.06611710238420179,0.022420944021447967,0
15,rest,-0.366,-0.031544158086241746,-0.11507051582756529,-0.03278971380197002,0.06611710238420179,0.022420944021447967,0
15,rest,-0.35,-0.026327063808725078,-0.1200318307744143,-0.03278971380197002,0.06611710238420179,0.022420944021447967,0
15,rest,-0.33299999999999996,-0.02091725288833943,-0.1173785428192687,-0.03278971380197002,0.06611710238420179,0.022420944021447967,0
15,rest,-0.31599999999999995,-0.025729540663414395,-0.11695172321529779,-0.03278971380197002,0.06611710238420179,0.022420944021447967,0
15,pulled,-0.3,-0.03356045922670278,-0.13639399431724217,-0.03278971380197002,0.06611710238420179,0.022420944021447967,0
15,pulled,-0.283,-0.03930943047528934,-0.13180066930483259,-0.03278971380197002,0.06611710238420179,0.022420944021447967,0
15,pulled,-0.266,-0.03677197429532981,-0.1344116801973568,-0.03278971380197002,0.06611710238420179,0.022420944021447967,0
15,pulled,-0.25,-0.03328611317975975,-0.1306524634410439,-0.03278971380197002,0.06611710238420179,0.022420944021447967,0
15,pulled,-0.23299999999999998,-0.03581002451085079,-0.13899496200227088,-0.03278971380197002,0.06611710238420179,0.022420944021447967,0
15,pulled,-0.21599999999999997,-0.03437173776989999,-0.13902612229546513,-0.03278971380197002,0.06611710238420179,0.022420944021447967,0
15,pulled,-0.19999999999999998,-0.037568035784506376,-0.13494070983650633,-0.03278971380197002,0.06611710238420179,0.022420944021447967,0
15,pulled,-0.183,-0.032276577521218014,-0.13645664839045277,-0.03278971380197002,0.06611710238420179,0.022420944021447967,0
15,pulled,-0.16599999999999998,-0.03774911585505717,-0.13153032283129729,-0.03278971380197002,0.06611710238420179,0.022420944021447967,0
15,pulled,-0.15,-0.03459353661345789,-0.13194490781140655,-0.03278971380197002,0.06611710238420179,0.022420944021447967,0
15,pulled,-0.11599999999999999,-0.03503510127169429,-0.13134662138820968,-0.03278971380197002,0.06611710238420179,0.022420944021447967,0
15,pulled,-0.09999999999999998,-0.03426188440770724,-0.13475732598461074,-0.03278971380197002,0.06611710238420179,0.022420944021447967,0
15,pulled,-0.08299999999999999,-0.03676695941123993,-0.12911595695799538,-0.03278971380197002,0.06611710238420179,0.022420944021447967,0
15,pulled,-0.06599999999999998,-0.03325852277440543,-0.13552682221906692,-0.03278971380197002,0.06611710238420179,0.022420944021447967,0
15,pulled,-0.04999999999999999,-0.03253870007011697,-0.13945040122761868,-0.03278971380197002,0.06611710238420179,0.022420944021447967,0
15,pulled,-0.032999999999999974,-0.03653485272248144,-0.1370048311236301,-0.03278971380197002,0.06611710238420179,0.022420944021447967,0
15,pulled,-0.01599999999999996,-0.03691330910915203,-0.13672110594482612,-0.03278971380197002,0.06611710238420179,0.022420944021447967,0
15,flight,0.01879999999999995,-0.039187447961740035,-0.11349594766013324,-0.03278971380197002,0.06611710238420179,0.022420944021447967,0
15,flight,0.035799999999999964,-0.03874102661710653,-0.09973199000375355,-0.03278971380197002,0.06611710238420179,0.022420944021447967,0
15,flight,0.05279999999999998,-0.028647640645247475,-0.08377067690656173,-0.03278971380197002,0.06611710238420179,0.022420944021447967,0
15,flight,0.0688,-0.02864732087690701,-0.06962812964050724,-0.03278971380197002,0.06611710238420179,0.022420944021447967,0
15,flight,0.08580000000000002,-0.0267301302838663,-0.05451890939201393,-0.03278971380197002,0.06611710238420179,0.022420944021447967,0
15,flight,0.10280000000000003,-0.029012185719545936,-0.03965334594815372,-0.03278971380197002,0.06611710238420179,0.022420944021447967,0
15,flight,0.11880000000000004,-0.029300437750681436,-0.025508064263757495,-0.03278971380197002,0.06611710238420179,0.022420944021447967,0
15,flight,0.13580000000000006,-0.030733274788716146,-0.02689419718502322,-0.03278971380197002,0.06611710238420179,0.022420944021447967,0
15,flight,0.15280000000000007,-0.024854152742791867,-0.037635351138723995,-0.03278971380197002,0.06611710238420179,0.022420944021447967,0
15,flight,0.1688000000000001,-0.02820511207800447,-0.044630266352023634,-0.03278971380197002,0.06611710238420179,0.022420944021447967,0
15,flight,0.1858000000000001,-0.02424626422358559,-0.05648832340551632,-0.03278971380197002,0.06611710238420179,0.022420944021447967,0
15,flight,0.20280000000000012,-0.02423017077557875,-0.05806270336328845,-0.03278971380197002,0.06611710238420179,0.022420944021447967,0
15,flight,0.21880000000000013,-0.026280895620898727,-0.07390429998792197,-0.03278971380197002,0.06611710238420179,0.022420944021447967,0
15,flight,0.23580000000000015,-0.023641766118735297,-0.07577797864200544,-0.03278971380197002,0.06611710238420179,0.022420944021447967,0
15,flight,0.25280000000000014,-0.02455597930836726,-0.07889315430468596,-0.03278971380197002,0.06611710238420179,0.022420944021447967,0
15,flight,0.26880000000000015,-0.023839372926849244,-0.09049500744413115,-0.03278971380197002,0.06611710238420179,0.022420944021447967,0
15,flight,0.28580000000000017,-0.025549802698411846,-0.09326247680060709,-0.03278971380197002,0.06611710238420179,0.022420944021447967,0
15,flight,0.3028000000000002,-0.02620352224993997,-0.096017396836888,-0.03278971380197002,0.06611710238420179,0.022420944021447967,0
15,flight,0.3188000000000002,-0.021800798569062443,-0.0938075257630771,-0.03278971380197002,0.06611710238420179,0.022420944021447967,0
15,flight,0.3358000000000002,-0.02121494054118862,-0.10123857022274549,-0.03278971380197002,0.06611710238420179,0.022420944021447967,0
15,flight,0.3528000000000002,-0.019316017420553114,-0.10062614976755263,-0.03278971380197002,0.06611710238420179,0.022420944021447967,0
15,flight,0.36880000000000024,-0.025731214092865815,-0.10352984365317544,-0.03278971380197002,0.06611710238420179,0.022420944021447967,0
15,flight,0.38580000000000025,-0.015923430239850836,-0.1042735801747347,-0.03278971380197002,0.06611710238420179,0.022420944021447967,0
16,rest,-0.6,0.03408437319011297,-0.11804600072548008,0.05520844679548793,-0.013480538539388555,0.023877332542703647,0
16,rest,-0.583,0.031195943116451668,-0.11540365508536095,0.05520844679548793,-0.013480538539388555,0.023877332542703647,0
16,rest,-0.566,0.03164965575028375,-0.12207658723582478,0.05520844679548793,-0.013480538539388555,0.023877332542703647,0
16,rest,-0.5499999999999999,0.02948687019890914,-0.111851284822515,0.05520844679548793,-0.013480538539388555,0.023877332542703647,0
16,rest,-0.5329999999999999,0.03751580551918224,-0.11566906504053569,0.05520844679548793,-0.013480538539388555,0.023877332542703647,0
16,rest,-0.516,0.029513503478025442,-0.11520781943617495,0.05520844679548793,-0.013480538539388555,0.023877332542703647,0
16,rest,-0.5,0.034637801369436505,-0.11645670337747507,0.05520844679548793,-0.013480538539388555,0.023877332542703647,0
16,rest,-0.483,0.033773423286844566,-0.11717249629020537,0.05520844679548793,-0.013480538539388555,0.023877332542703647,0
16,rest,-0.46599999999999997,0.03431200835672888,-0.1186443460707413,0.05520844679548793,-0.013480538539388555,0.023877332542703647,0
16,rest,-0.44999999999999996,0.03801372580124677,-0.11476940321664686,0.05520844679548793,-0.013480538539388555,0.023877332542703647,0
16,rest,-0.43299999999999994,0.03114001403907032,-0.11446820182102976,0.05520844679548793,-0.013480538539388555,0.023877332542703647,0
16,rest,-0.416,0.03730607495796029,-0.11823524314624886,0.05520844679548793,-0.013480538539388555,0.023877332542703647,0
16,rest,-0.39999999999999997,0.032967123931243035,-0.1078784027758497,0.05520844679548793,-0.013480538539388555,0.023877332542703647,0
16,rest,-0.383,0.02998407839185439,-0.11886111873380678,0.05520844679548793,-0.013480538539388555,0.023877332542703647,0
16,rest,-0.366,0.036790201310240064,-0.12070173036303065,0.05520844679548793,-0.013480538539388555,0.023877332542703647,0
16,rest,-0.35,0.031043181576348312,-0.11880820769175712,0.05520844679548793,-0.013480538539388555,0.023877332542703647,0
16,rest,-0.33299999999999996,0.03435803815626284,-0.11340072110836473,0.05520844679548793,-0.013480538539388555,0.023877332542703647,0
16,rest,-0.31599999999999995,0.02841068636119367,-0.11780334767290204,0.05520844679548793,-0.013480538539388555,0.023877332542703647,0
16,pulled,-0.3,0.05593305446940716,-0.1307862565138011,0.05520844679548793,-0.013480538539388555,0.023877332542703647,0
16,pulled,-0.283,0.05750328975809757,-0.12753987770574346,0.05520844679548793,-0.013480538539388555,0.023877332542703647,0
16,pulled,-0.266,0.0562524060251389,-0.1374989145943514,0.05520844679548793,-0.013480538539388555,0.023877332542703647,0
16,pulled,-0.25,0.055630459025963606,-0.12849162757956722,0.05520844679548793,-0.013480538539388555,0.023877332542703647,0
16,pulled,-0.23299999999999998,0.055629383660227655,-0.13088493983007907,0.05520844679548793,-0.013480538539388555,0.023877332542703647,0
16,pulled,-0.21599999999999997,0.055628337510320106,-0.13502198532813006,0.05520844679548793,-0.013480538539388555,0.023877332542703647,0
16,pulled,-0.19999999999999998,0.05700874796103084,-0.13631653228008753,0.05520844679548793,-0.013480538539388555,0.023877332542703647,0
16,pulled,-0.183,0.05251910370059887,-0.1322568503196751,0.05520844679548793,-0.013480538539388555,0.023877332542703647,0
16,pulled,-0.16599999999999998,0.05418860472900962,-0.1311551364834461,0.05520844679548793,-0.013480538539388555,0.023877332542703647,0
16,pulled,-0.15,0.0534055859193108,-0.13604794321200397,0.05520844679548793,-0.013480538539388555,0.023877332542703647,0
16,pulled,-0.13299999999999998,0.055780669633147706,-0.1318818029611206,0.05520844679548793,-0.013480538539388555,0.023877332542703647,0
16,pulled,-0.11599999999999999,0.06327153452133971,-0.13502080807655453,0.05520844679548793,-0.013480538539388555,0.023877332542703647,0
16,pulled,-0.09999999999999998,0.06065102203008041,-0.1292675149499032,0.05520844679548793,-0.013480538539388555,0.023877332542703647,0
16,pulled,-0.08299999999999999,0.055110994770850054,-0.13543496095121457,0.05520844679548793,-0.013480538539388555,0.023877332542703647,0
16,pulled,-0.06599999999999998,0.05427729902910118,-0.13165520200207445,0.05520844679548793,-0.013480538539388555,0.023877332542703647,0
16,pulled,-0.04999999999999999,0.061236999039179986,-0.135202511858534,0.05520844679548793,-0.013480538539388555,0.023877332542703647,0
16,pulled,-0.032999999999999974,0.05841572289155144,-0.13323878336961356,0.05520844679548793,-0.013480538539388555,0.023877332542703647,0
16,pulled,-0.01599999999999996,0.05661626852957654,-0.1335351462853363,0.05520844679548793,-0.013480538539388555,0.023877332542703647,0
16,flight,0.016399999999999963,0.050661400997427115,-0.11282152255543151,0.05520844679548793,-0.013480538539388555,0.023877332542703647,0
16,flight,0.03339999999999998,0.052338461109292904,-0.0931606099236757,0.05520844679548793,-0.013480538539388555,0.023877332542703647,0
16,flight,0.05039999999999999,0.052552995392684446,-0.07748811017901697,0.05520844679548793,-0.013480538539388555,0.023877332542703647,0
16,flight,0.06640000000000001,0.046693664776085504,-0.056199310580957014,0.05520844679548793,-0.013480538539388555,0.023877332542703647,0
16,flight,0.08340000000000003,0.051345496451988645,-0.037983838937766634,0.05520844679548793,-0.013480538539388555,0.023877332542703647,0
16,flight,0.10040000000000004,0.039603988611676064,-0.01881727182010743,0.05520844679548793,-0.013480538539388555,0.023877332542703647,0
16,flight,0.11640000000000006,0.04339713114515615,-0.029375297957868873,0.05520844679548793,-0.013480538539388555,0.023877332542703647,0
16,flight,0.13340000000000007,0.040490796832232355,-0.04250437434800618,0.05520844679548793,-0.013480538539388555,0.023877332542703647,0
16,flight,0.1504000000000001,0.040764340764573276,-0.05381398926941977,0.05520844679548793,-0.013480538539388555,0.023877332542703647,0
16,flight,0.1664000000000001,0.035780314977941076,-0.06498019172784743,0.05520844679548793,-0.013480538539388555,0.023877332542703647,0
16,flight,0.18340000000000012,0.03423765641636871,-0.0764442317911042,0.05520844679548793,-0.013480538539388555,0.023877332542703647,0
16,flight,0.20040000000000013,0.030513025964123457,-0.08927640730031608,0.05520844679548793,-0.013480538539388555,0.023877332542703647,0
16,flight,0.21640000000000015,0.029906326505136246,-0.09912705028312523,0.05520844679548793,-0.013480538539388555,0.023877332542703647,0
16,flight,0.23340000000000016,0.030263521775448624,-0.10927992779148042,0.05520844679548793,-0.013480538539388555,0.023877332542703647,0
16,flight,0.2504000000000002,0.030240780463542654,-0.1175175834906752,0.05520844679548793,-0.013480538539388555,0.023877332542703647,0
16,flight,0.2664000000000002,0.02767064301110055,-0.12525719519213974,0.05520844679548793,-0.013480538539388555,0.023877332542703647,0
16,flight,0.2834000000000002,0.025456399389917554,-0.1319321119867365,0.05520844679548793,-0.013480538539388555,0.023877332542703647,0
16,flight,0.3004000000000002,0.02045532817757889,-0.13759346665627162,0.05520844679548793,-0.013480538539388555,0.023877332542703647,0
16,flight,0.31640000000000024,0.023958101458933293,-0.14510758133370485,0.05520844679548793,-0.013480538539388555,0.023877332542703647,0
16,flight,0.33340000000000025,0.020857390120137587,-0.14861318796521342,0.05520844679548793,-0.013480538539388555,0.023877332542703647,0
16,flight,0.35040000000000027,0.02289332055633844,-0.14423337270077083,0.05520844679548793,-0.013480538539388555,0.023877332542703647,0
16,flight,0.3664000000000003,0.02267721565720456,-0.1476746854628943,0.05520844679548793,-0.013480538539388555,0.023877332542703647,0
16,flight,0.3834000000000003,0.01627833684892688,-0.15163631903999703,0.05520844679548793,-0.013480538539388555,0.023877332542703647,0
16,flight,0.4004000000000003,0.021697707951450578,-0.14683046617414777,0.05520844679548793,-0.013480538539388555,0.023877332542703647,0
16,flight,0.4164000000000003,0.021811144439909766,-0.14548375586763052,0.05520844679548793,-0.013480538539388555,0.023877332542703647,0
17,rest,-0.6,0.007920752682096167,-0.12032230066703235,0.054426711916236804,-0.00944811716686771,0.02277140253032143,0
17,rest,-0.583,0.010695012963129413,-0.12031954931564094,0.054426711916236804,-0.00944811716686771,0.02277140253032143,0
17,rest,-0.566,0.01415797599759202,-0.11839578446328242,0.054426711916236804,-0.00944811716686771,0.02277140253032143,0
17,rest,-0.5499999999999999,0.017640120440473975,-0.12028070134931243,0.054426711916236804,-0.00944811716686771,0.02277140253032143,0
17,rest,-0.5329999999999999,0.009966725635071264,-0.12197228728160876,0.054426711916236804,-0.00944811716686771,0.02277140253032143,0
17,rest,-0.516,0.009143244389818199,-0.11611309933549722,0.054426711916236804,-0.00944811716686771,0.02277140253032143,0
17,rest,-0.5,0.009463309135036239,-0.11800378388258696,0.054426711916236804,-0.00944811716686771,0.02277140253032143,0
17,rest,-0.483,0.011419272918213791,-0.11841981068912762,0.054426711916236804,-0.00944811716686771,0.02277140253032143,0
17,rest,-0.46599999999999997,0.009973009874682156,-0.1200313831930518,0.054426711916236804,-0.00944811716686771,0.02277140253032143,0
17,rest,-0.44999999999999996,0.01594359125914652,-0.12035516841805852,0.054426711916236804,-0.00944811716686771,0.02277140253032143,0
17,rest,-0.43299999999999994,0.017166617495284246,-0.1185768279868076,0.054426711916236804,-0.00944811716686771,0.02277140253032143,0
17,rest,-0.416,0.009157687639328286,-0.11825807723553373,0.054426711916236804,-0.00944811716686771,0.02277140253032143,0
17,rest,-0.39999999999999997,0.01737862499256971,-0.12148415095602683,0.054426711916236804,-0.00944811716686771,0.02277140253032143,0
17,rest,-0.383,0.011644575244742003,-0.11518397927982146,0.054426711916236804,-0.00944811716686771,0.02277140253032143,0
17,rest,-0.366,0.011382287308065925,-0.11770671623498061,0.054426711916236804,-0.00944811716686771,0.02277140253032143,0
17,rest,-0.35,0.013874059625915737,-0.11599685477566377,0.054426711916236804,-0.00944811716686771,0.02277140253032143,0
17,rest,-0.33299999999999996,0.014779258851488458,-0.11666334378067031,0.054426711916236804,-0.00944811716686771,0.02277140253032143,0
17,rest,-0.31599999999999995,0.015157863368625697,-0.11379385424158354,0.054426711916236804,-0.00944811716686771,0.02277140253032143,0
17,pulled,-0.3,0.05409875180445924,-0.13288679856900154,0.054426711916236804,-0.00944811716686771,0.02277140253032143,0
17,pulled,-0.283,0.056378743367893364,-0.13249992366720417,0.054426711916236804,-0.00944811716686771,0.02277140253032143,0
17,pulled,-0.266,0.05446720682317328,-0.13027254486857962,0.054426711916236804,-0.00944811716686771,0.02277140253032143,0
17,pulled,-0.25,0.0554713308909246,-0.13046301330440396,0.054426711916236804,-0.00944811716686771,0.02277140253032143,0
17,pulled,-0.23299999999999998,0.05320547366282767,-0.13360264177503686,0.054426711916236804,-0.00944811716686771,0.02277140253032143,0
17,pulled,-0.21599999999999997,0.050227138443509595,-0.13498988765751635,0.054426711916236804,-0.00944811716686771,0.02277140253032143,0
17,pulled,-0.19999999999999998,0.04859364159506481,-0.1275329061772571,0.054426711916236804,-0.00944811716686771,0.02277140253032143,0
17,pulled,-0.183,0.06119475315746643,-0.13605161115261338,0.054426711916236804,-0.00944811716686771,0.02277140253032143,0
17,pulled,-0.16599999999999998,0.05322654407071433,-0.132353274524488,0.054426711916236804,-0.00944811716686771,0.02277140253032143,0
17,pulled,-0.15,0.05327429239459739,-0.13835876265977437,0.054426711916236804,-0.00944811716686771,0.02277140253032143,0
17,pulled,-0.13299999999999998,0.05501222366349205,-0.12611890019639532,0.054426711916236804,-0.00944811716686771,0.02277140253032143,0
17,pulled,-0.11599999999999999,0.053720514503038296,-0.13173956995392008,0.054426711916236804,-0.00944811716686771,0.02277140253032143,0
17,pulled,-0.09999999999999998,0.053636762235656305,-0.1369939931804059,0.054426711916236804,-0.00944811716686771,0.02277140253032143,0
17,pulled,-0.08299999999999999,0.05841322231306275,-0.13576332304468983,0.054426711916236804,-0.00944811716686771,0.02277140253032143,0
17,pulled,-0.06599999999999998,0.05407156527689413,-0.13581559605554366,0.054426711916236804,-0.00944811716686771,0.02277140253032143,0
17,pulled,-0.04999999999999999,0.05765991750965766,-0.1368755571907237,0.054426711916236804,-0.00944811716686771,0.02277140253032143,0
17,pulled,-0.032999999999999974,0.057538758197786866,-0.1341267635319436,0.054426711916236804,-0.00944811716686771,0.02277140253032143,0
17,pulled,-0.01599999999999996,0.055194966725106535,-0.13259731061079758,0.054426711916236804,-0.00944811716686771,0.02277140253032143,0
17,flight,0.016399999999999963,0.05150824930863149,-0.11522809312596509,0.054426711916236804,-0.00944811716686771,0.02277140253032143,0
17,flight,0.03339999999999998,0.05035444186875715,-0.09696272076863639,0.054426711916236804,-0.00944811716686771,0.02277140253032143,0
17,flight,0.05039999999999999,0.04865523030802751,-0.07377263160692521,0.054426711916236804,-0.00944811716686771,0.02277140253032143,0
17,flight,0.06640000000000001,0.04426621522288032,-0.06086539880667733,0.054426711916236804,-0.00944811716686771,0.02277140253032143,0
17,flight,0.08340000000000003,0.042111422225153454,-0.04709665672645981,0.054426711916236804,-0.00944811716686771,0.02277140253032143,0
17,flight,0.10040000000000004,0.0428093925284536,-0.023070995366064034,0.054426711916236804,-0.00944811716686771,0.02277140253032143,0
17,flight,0.11640000000000006,0.03941454560275813,-0.0246790704257406,0.054426711916236804,-0.00944811716686771,0.02277140253032143,0
17,flight,0.13340000000000007,0.03576938843974342,-0.037734648803263944,0.054426711916236804,-0.00944811716686771,0.02277140253032143,0
17,flight,0.1504000000000001,0.03813088489311022,-0.05024455742309744,0.054426711916236804,-0.00944811716686771,0.02277140253032143,0
17,flight,0.1664000000000001,0.031239411524722396,-0.06439469003262048,0.054426711916236804,-0.00944811716686771,0.02277140253032143,0
17,flight,0.18340000000000012,0.03565443142630302,-0.0717719513781487,0.054426711916236804,-0.00944811716686771,0.02277140253032143,0
17,flight,0.20040000000000013,0.033064768072876054,-0.08144328592309118,0.054426711916236804,-0.00944811716686771,0.02277140253032143,0
17,flight,0.21640000000000015,0.024215669623682712,-0.08595951022512338,0.054426711916236804,-0.00944811716686771,0.02277140253032143,0
17,flight,0.23340000000000016,0.02811281934549495,-0.09213912320526278,0.054426711916236804,-0.00944811716686771,0.02277140253032143,0
17,flight,0.2504000000000002,0.02755118353527395,-0.1014631930370243,0.054426711916236804,-0.00944811716686771,0.02277140253032143,0
17,flight,0.2664000000000002,0.025237356104012083,-0.11240472755594783,0.054426711916236804,-0.00944811716686771,0.02277140253032143,0
17,flight,0.2834000000000002,0.025382687312129268,-0.11758332432860516,0.054426711916236804,-0.00944811716686771,0.02277140253032143,0
17,flight,0.3004000000000002,0.022546610678542824,-0.11938946793031147,0.054426711916236804,-0.00944811716686771,0.02277140253032143,0
17,flight,0.31640000000000024,0.021775900046410987,-0.1252111016359849,0.054426711916236804,-0.00944811716686771,0.02277140253032143,0
17,flight,0.33340000000000025,0.02804191874566103,-0.12913718098287819,0.054426711916236804,-0.00944811716686771,0.02277140253032143,0
17,flight,0.35040000000000027,0.025911935079137232,-0.13651333703730528,0.054426711916236804,-0.00944811716686771,0.02277140253032143,0
17,flight,0.3664000000000003,0.02307477048944075,-0.1364472690306524,0.054426711916236804,-0.00944811716686771,0.02277140253032143,0
17,flight,0.3834000000000003,0.02190541545555476,-0.14018530627883394,0.054426711916236804,-0.00944811716686771,0.02277140253032143,0
17,flight,0.4004000000000003,0.021526114719659685,-0.1370980642899319,0.054426711916236804,-0.00944811716686771,0.02277140253032143,0
17,flight,0.4164000000000003,0.017807881091179634,-0.14361991574556093,0.054426711916236804,-0.00944811716686771,0.02277140253032143,0
18,rest,-0.6,0.030437530402310127,-0.1138880205350225,-0.04636369870971343,-0.07206561635579452,0.024400990789026623,0
18,rest,-0.583,0.028068308091522075,-0.11857881928420337,-0.04636369870971343,-0.07206561635579452,0.024400990789026623,0
18,rest,-0.566,0.025963756504330925,-0.1170564719184723,-0.04636369870971343,-0.07206561635579452,0.024400990789026623,0
18,rest,-0.5499999999999999,0.023729667798921533,-0.11339009962386337,-0.04636369870971343,-0.07206561635579452,0.024400990789026623,0
18,rest,-0.5329999999999999,0.029161095229758512,-0.11154175639196837,-0.04636369870971343,-0.07206561635579452,0.024400990789026623,0
18,rest,-0.516,0.030093924286810514,-0.1179920251676455,-0.04636369870971343,-0.07206561635579452,0.024400990789026623,0
18,rest,-0.5,0.024236746099025014,-0.11376287936884528,-0.04636369870971343,-0.07206561635579452,0.024400990789026623,0
18,rest,-0.483,0.021997461019150403,-0.11234058413752963,-0.04636369870971343,-0.07206561635579452,0.024400990789026623,0
18,rest,-0.46599999999999997,0.022109211217872377,-0.11754502730682874,-0.04636369870971343,-0.07206561635579452,0.024400990789026623,0
18,rest,-0.44999999999999996,0.02949468143013245,-0.1202451425117864,-0.04636369870971343,-0.07206561635579452,0.024400990789026623,0
18,rest,-0.43299999999999994,0.02829522735183761,-0.11980748381585257,-0.04636369870971343,-0.07206561635579452,0.024400990789026623,0
18,rest,-0.416,0.02914722317254492,-0.11169160090924775,-0.04636369870971343,-0.07206561635579452,0.024400990789026623,0
18,rest,-0.39999999999999997,0.02375304566377602,-0.11979678343296375,-0.04636369870971343,-0.07206561635579452,0.024400990789026623,0
18,rest,-0.383,0.025871248438386143,-0.11802725626174045,-0.04636369870971343,-0.07206561635579452,0.024400990789026623,0
18,rest,-0.366,0.02247618826060328,-0.11374834031165712,-0.04636369870971343,-0.07206561635579452,0.024400990789026623,0
18,rest,-0.35,0.024308543962354115,-0.11524896003215382,-0.04636369870971343,-0.07206561635579452,0.024400990789026623,0
18,rest,-0.33299999999999996,0.025300407678247247,-0.11479448912823255,-0.04636369870971343,-0.07206561635579452,0.024400990789026623,0
18,rest,-0.31599999999999995,0.03186753404610837,-0.11450481480773625,-0.04636369870971343,-0.07206561635579452,0.024400990789026623,0
18,pulled,-0.3,-0.044007849489580045,-0.13499655848866052,-0.04636369870971343,-0.07206561635579452,0.024400990789026623,0
18,pulled,-0.283,-0.042911052237377026,-0.13681563450925585,-0.04636369870971343,-0.07206561635579452,0.024400990789026623,0
18,pulled,-0.266,-0.04738169950308763,-0.13105733208478337,-0.04636369870971343,-0.07206561635579452,0.024400990789026623,0
18,pulled,-0.25,-0.04823546353931876,-0.13841626804985274,-0.04636369870971343,-0.07206561635579452,0.024400990789026623,0
18,pulled,-0.23299999999999998,-0.04568993879318951,-0.13760153217056856,-0.04636369870971343,-0.07206561635579452,0.024400990789026623,0
18,pulled,-0.21599999999999997,-0.04732099597602667,-0.1362631572719809,-0.04636369870971343,-0.07206561635579452,0.024400990789026623,0
18,pulled,-0.19999999999999998,-0.0447602967347949,-0.13098279648249805,-0.04636369870971343,-0.07206561635579452,0.024400990789026623,0
18,pulled,-0.183,-0.044646074209611024,-0.13273659119027206,-0.04636369870971343,-0.07206561635579452,0.024400990789026623,0
18,pulled,-0.16599999999999998,-0.046025511176574066,-0.13941118884134432,-0.04636369870971343,-0.07206561635579452,0.024400990789026623,0
18,pulled,-0.15,-0.04786469760905728,-0.13062706762768841,-0.04636369870971343,-0.07206561635579452,0.024400990789026623,0
18,pulled,-0.13299999999999998,-0.049791860750352225,-0.12750193243915786,-0.04636369870971343,-0.07206561635579452,0.024400990789026623,0
18,pulled,-0.11599999999999999,-0.04243341128757076,-0.13670578182948764,-0.04636369870971343,-0.07206561635579452,0.024400990789026623,0
18,pulled,-0.09999999999999998,-0.045134505737234515,-0.13385895431963085,-0.04636369870971343,-0.07206561635579452,0.024400990789026623,0
18,pulled,-0.08299999999999999,-0.04194182862964951,-0.13177678231788417,-0.04636369870971343,-0.07206561635579452,0.024400990789026623,0
18,pulled,-0.06599999999999998,-0.04811235351005618,-0.14095924075844354,-0.04636369870971343,-0.07206561635579452,0.024400990789026623,0
18,pulled,-0.04999999999999999,-0.04797755168149087,-0.13815208109847749,-0.04636369870971343,-0.07206561635579452,0.024400990789026623,0
18,pulled,-0.032999999999999974,-0.0498980941144237,-0.13131492196083216,-0.04636369870971343,-0.07206561635579452,0.024400990789026623,0
18,pulled,-0.01599999999999996,-0.03987788392674857,-0.13659787517252953,-0.04636369870971343,-0.07206561635579452,0.024400990789026623,0
18,flight,0.017499999999999957,-0.04616656009334663,-0.1200748463608622,-0.04636369870971343,-0.07206561635579452,0.024400990789026623,0
18,flight,0.034499999999999975,-0.046425829058519906,-0.0916956181178348,-0.04636369870971343,-0.07206561635579452,0.024400990789026623,0
18,flight,0.05149999999999999,-0.03954987448216961,-0.0787911090612146,-0.04636369870971343,-0.07206561635579452,0.024400990789026623,0
18,flight,0.0675,-0.04304467793705187,-0.061370149974992516,-0.04636369870971343,-0.07206561635579452,0.024400990789026623,0
18,flight,0.08450000000000002,-0.03472567756245539,-0.04467836309311397,-0.04636369870971343,-0.07206561635579452,0.024400990789026623,0
18,flight,0.10150000000000003,-0.038378199833290605,-0.025407890791791975,-0.04636369870971343,-0.07206561635579452,0.024400990789026623,0
18,flight,0.11750000000000005,-0.0404837567629212,-0.028986796040307492,-0.04636369870971343,-0.07206561635579452,0.024400990789026623,0
18,flight,0.13450000000000006,-0.027888536369884302,-0.03526385319146706,-0.04636369870971343,-0.07206561635579452,0.024400990789026623,0
18,flight,0.15150000000000008,-0.037818450278079355,-0.05638978550831342,-0.04636369870971343,-0.07206561635579452,0.024400990789026623,0
18,flight,0.1675000000000001,-0.029284036705748594,-0.055237529807348106,-0.04636369870971343,-0.07206561635579452,0.024400990789026623,0
18,flight,0.1845000000000001,-0.030691234044481364,-0.07268384227917724,-0.04636369870971343,-0.07206561635579452,0.024400990789026623,0
18,flight,0.20150000000000012,-0.02810638359196218,-0.08349018243597939,-0.04636369870971343,-0.07206561635579452,0.024400990789026623,0
18,flight,0.21750000000000014,-0.03304234993326144,-0.08916607235925243,-0.04636369870971343,-0.07206561635579452,0.024400990789026623,0
18,flight,0.23450000000000015,-0.02862211948393438,-0.09411863322356673,-0.04636369870971343,-0.07206561635579452,0.024400990789026623,0
18,flight,0.25150000000000017,-0.03216358943767036,-0.10506332054872504,-0.04636369870971343,-0.07206561635579452,0.024400990789026623,0
18,flight,0.2675000000000002,-0.024513859881673074,-0.110454395621406,-0.04636369870971343,-0.07206561635579452,0.024400990789026623,0
18,flight,0.2845000000000002,-0.02989841928615439,-0.11620393264194386,-0.04636369870971343,-0.07206561635579452,0.024400990789026623,0
18,flight,0.3015000000000002,-0.02638930474843588,-0.12232501907024203,-0.04636369870971343,-0.07206561635579452,0.024400990789026623,0
18,flight,0.3175000000000002,-0.02692579590975816,-0.12772488519547023,-0.04636369870971343,-0.07206561635579452,0.024400990789026623,0
18,flight,0.33450000000000024,-0.029446820935973058,-0.1338964567179903,-0.04636369870971343,-0.07206561635579452,0.024400990789026623,0
18,flight,0.35150000000000026,-0.03317400405315277,-0.1328077350983635,-0.04636369870971343,-0.07206561635579452,0.024400990789026623,0
18,flight,0.36750000000000027,-0.01937433043169874,-0.14553976858625722,-0.04636369870971343,-0.07206561635579452,0.024400990789026623,0
18,flight,0.3845000000000003,-0.02678129983808869,-0.13633071915205985,-0.04636369870971343,-0.07206561635579452,0.024400990789026623,0
18,flight,0.4015000000000003,-0.02160832360233023,-0.14002627374426682,-0.04636369870971343,-0.07206561635579452,0.024400990789026623,0
18,flight,0.4175000000000003,-0.023336153446714643,-0.14960271370900372,-0.04636369870971343,-0.07206561635579452,0.024400990789026623,0
19,rest,-0.6,0.05209995547123399,-0.1164627911130115,0.049693268285213296,-0.019416449277140015,0.0201339067909719,0
19,rest,-0.583,0.04768798199671406,-0.12154349353767416,0.049693268285213296,-0.019416449277140015,0.0201339067909719,0
19,rest,-0.566,0.04649436764073973,-0.11752927368296631,0.049693268285213296,-0.019416449277140015,0.0201339067909719,0
19,rest,-0.5329999999999999,0.045962081926444597,-0.11976280480533733,0.049693268285213296,-0.019416449277140015,0.0201339067909719,0
19,rest,-0.516,0.05182888462143128,-0.11692364221020275,0.049693268285213296,-0.019416449277140015,0.0201339067909719,0
19,rest,-0.5,0.0475329712112717,-0.1109883368265403,0.049693268285213296,-0.019416449277140015,0.0201339067909719,0
19,rest,-0.483,0.047143869933012374,-0.12010740537468818,0.049693268285213296,-0.019416449277140015,0.0201339067909719,0
19,rest,-0.46599999999999997,0.047013695554536356,-0.11379777467184209,0.049693268285213296,-0.019416449277140015,0.0201339067909719,0
19,rest,-0.44999999999999996,0.0492739347903619,-0.11742418096689092,0.049693268285213296,-0.019416449277140015,0.0201339067909719,0
19,rest,-0.43299999999999994,0.048678456354656084,-0.1183512904175617,0.049693268285213296,-0.019416449277140015,0.0201339067909719,0
19,rest,-0.416,0.04745340311523722,-0.11925427655683475,0.049693268285213296,-0.019416449277140015,0.0201339067909719,0
19,rest,-0.39999999999999997,0.04708692081954404,-0.12225110150362094,0.049693268285213296,-0.019416449277140015,0.0201339067909719,0
19,rest,-0.383,0.045313273664061716,-0.12039571357899846,0.049693268285213296,-0.019416449277140015,0.0201339067909719,0
19,rest,-0.366,0.04855992011709074,-0.11855875060780348,0.049693268285213296,-0.019416449277140015,0.0201339067909719,0
19,rest,-0.35,0.04494749641843922,-0.11458135554799496,0.049693268285213296,-0.019416449277140015,0.0201339067909719,0
19,rest,-0.33299999999999996,0.052650260045241905,-0.1190146554293814,0.049693268285213296,-0.019416449277140015,0.0201339067909719,0
19,rest,-0.31599999999999995,0.04528359747852022,-0.11733351522551827,0.049693268285213296,-0.019416449277140015,0.0201339067909719,0
19,pulled,-0.3,0.053940008833230774,-0.13054465542535065,0.049693268285213296,-0.019416449277140015,0.0201339067909719,0
19,pulled,-0.283,0.050971366947740626,-0.13131612136966442,0.049693268285213296,-0.019416449277140015,0.0201339067909719,0
19,pulled,-0.25,0.04762333264716851,-0.1350501781250872,0.049693268285213296,-0.019416449277140015,0.0201339067909719,0
19,pulled,-0.23299999999999998,0.048696948701815124,-0.1333827674593134,0.049693268285213296,-0.019416449277140015,0.0201339067909719,0
19,pulled,-0.21599999999999997,0.049247274983033246,-0.13272501793424504,0.049693268285213296,-0.019416449277140015,0.0201339067909719,0
19,pulled,-0.19999999999999998,0.05249297364090136,-0.13402208959592032,0.049693268285213296,-0.019416449277140015,0.0201339067909719,0
19,pulled,-0.183,0.05283220116777269,-0.13432956836989624,0.049693268285213296,-0.019416449277140015,0.0201339067909719,0
19,pulled,-0.16599999999999998,0.051931263414048676,-0.1291174401103504,0.049693268285213296,-0.019416449277140015,0.0201339067909719,0
19,pulled,-0.15,0.053386621814063166,-0.13019220700377007,0.049693268285213296,-0.019416449277140015,0.0201339067909719,0
19,pulled,-0.13299999999999998,0.049067763607901,-0.1263291496153986,0.049693268285213296,-0.019416449277140015,0.0201339067909719,0
19,pulled,-0.11599999999999999,0.04411472251183467,-0.13556457060144453,0.049693268285213296,-0.019416449277140015,0.0201339067909719,0
19,pulled,-0.09999999999999998,0.049623783858014456,-0.13133396460375552,0.049693268285213296,-0.019416449277140015,0.0201339067909719,0
19,pulled,-0.08299999999999999,0.054402536395425236,-0.13218843268686128,0.049693268285213296,-0.019416449277140015,0.0201339067909719,0
19,pulled,-0.06599999999999998,0.04941092741033823,-0.12281380559893637,0.049693268285213296,-0.019416449277140015,0.0201339067909719,0
19,pulled,-0.04999999999999999,0.05090134760669011,-0.13614634189055252,0.049693268285213296,-0.019416449277140015,0.0201339067909719,0
19,pulled,-0.032999999999999974,0.04419311656688095,-0.1289785599314428,0.049693268285213296,-0.019416449277140015,0.0201339067909719,0
19,pulled,-0.01599999999999996,0.048431129836276336,-0.13147312556573437,0.049693268285213296,-0.019416449277140015,0.0201339067909719,0
19,flight,0.017299999999999958,0.054502864616533524,-0.11654750771676278,0.049693268285213296,-0.019416449277140015,0.0201339067909719,0
19,flight,0.03429999999999997,0.04480772737718962,-0.10251740250983704,0.049693268285213296,-0.019416449277140015,0.0201339067909719,0
19,flight,0.051299999999999985,0.04545514459482696,-0.08235844322356276,0.049693268285213296,-0.019416449277140015,0.0201339067909719,0
19,flight,0.0673,0.047203277346934795,-0.07000540952266675,0.049693268285213296,-0.019416449277140015,0.0201339067909719,0
19,flight,0.08430000000000001,0.04646892547434038,-0.057236219926277795,0.049693268285213296,-0.019416449277140015,0.0201339067909719,0
19,flight,0.10130000000000003,0.0382553553793263,-0.036994535152663516,0.049693268285213296,-0.019416449277140015,0.0201339067909719,0
19,flight,0.13430000000000006,0.04150862046129781,-0.026486245068313163,0.049693268285213296,-0.019416449277140015,0.0201339067909719,0
19,flight,0.15130000000000007,0.03841205703278944,-0.033952086736769506,0.049693268285213296,-0.019416449277140015,0.0201339067909719,0
19,flight,0.1673000000000001,0.039498099119995356,-0.04442838406679498,0.049693268285213296,-0.019416449277140015,0.0201339067909719,0
19,flight,0.1843000000000001,0.03185978618466665,-0.054426223869267265,0.049693268285213296,-0.019416449277140015,0.0201339067909719,0
19,flight,0.20130000000000012,0.030160818220070794,-0.055513977999224896,0.049693268285213296,-0.019416449277140015,0.0201339067909719,0
19,flight,0.21730000000000013,0.03655273297177945,-0.06325447473002714,0.049693268285213296,-0.019416449277140015,0.0201339067909719,0
19,flight,0.23430000000000015,0.035124606441093206,-0.07217416291662175,0.049693268285213296,-0.019416449277140015,0.0201339067909719,0
19,flight,0.2513000000000002,0.037206453189278524,-0.0769157704953085,0.049693268285213296,-0.019416449277140015,0.0201339067909719,0
19,flight,0.2673000000000002,0.03674461020923815,-0.08068209223363938,0.049693268285213296,-0.019416449277140015,0.0201339067909719,0
19,flight,0.2843000000000002,0.030358265017102246,-0.09004330205337997,0.049693268285213296,-0.019416449277140015,0.0201339067909719,0
19,flight,0.30130000000000023,0.03222925944874153,-0.08771652895242552,0.049693268285213296,-0.019416449277140015,0.0201339067909719,0
19,flight,0.31730000000000025,0.03418590524326193,-0.08997494096854329,0.049693268285213296,-0.019416449277140015,0.0201339067909719,0
19,flight,0.33430000000000026,0.028909874697922087,-0.09811141377990916,0.049693268285213296,-0.019416449277140015,0.0201339067909719,0
19,flight,0.3513000000000003,0.02487702749515404,-0.097413077892177,0.049693268285213296,-0.019416449277140015,0.0201339067909719,0
19,flight,0.3673000000000003,0.03559319869768344,-0.09575893313083514,0.049693268285213296,-0.019416449277140015,0.0201339067909719,0
